,movie_title,labels
0,(500) Days of Summer,['Movie']
1,10 Cloverfield Lane,['Movie']
2,10 Things I Hate About You,['Movie']
3,102 Dalmatians,['Movie']
4,10th & Wolf,['Movie']
5,12 Angry Men,['Movie']
6,12 Rounds,['Movie']
7,12 Years a Slave,['Movie']
8,127 Hours,['Movie']
9,13 Going on 30,['Movie']
10,13 Hours: The Secret Soldiers of Benghazi,['Movie']
11,1408,['Movie']
12,15 Minutes,['Movie']
13,16 Blocks,['Movie']
14,17 Again,['Movie']
15,1911,['Movie']
16,1941,['Movie']
17,2 Fast 2 Furious,['Movie']
18,2 Guns,['Movie']
19,"20,000 Leagues Under the Sea",['Movie']
20,200 Cigarettes,['Movie']
21,2001: A Space Odyssey,['Movie']
22,2012,['Movie']
23,2046,['Movie']
24,21,['Movie']
25,21 & Over,['Movie']
26,21 Grams,['Movie']
27,21 Jump Street,['Movie']
28,22 Jump Street,['Movie']
29,25th Hour,['Movie']
30,27 Dresses,['Movie']
31,28 Days Later,['Movie']
32,28 Weeks Later,['Movie']
33,3 Days to Kill,['Movie']
34,3 Strikes,['Movie']
35,30 Days of Night,['Movie']
36,30 Minutes or Less,['Movie']
37,300,['Movie']
38,3000 Miles to Graceland,['Movie']
39,300: Rise of an Empire,['Movie']
40,3:10 to Yuma,['Movie']
41,"4 Months, 3 Weeks and 2 Days",['Movie']
42,42,['Movie']
43,42nd Street,['Movie']
44,47 Ronin,['Movie']
45,5 Days of War,['Movie']
46,50 First Dates,['Movie']
47,50/50,['Movie']
48,54,['Movie']
49,55 Days at Peking,['Movie']
50,8 Mile,['Movie']
51,88 Minutes,['Movie']
52,8MM,['Movie']
53,9,['Movie']
54,90 Minutes in Heaven,['Movie']
55,A Beautiful Mind,['Movie']
56,A Better Life,['Movie']
57,A Bridge Too Far,['Movie']
58,A Bug's Life,['Movie']
59,A Christmas Carol,['Movie']
60,A Cinderella Story,['Movie']
61,A Civil Action,['Movie']
62,A Dangerous Method,['Movie']
63,A Farewell to Arms,['Movie']
64,A Few Good Men,['Movie']
65,A Fistful of Dollars,['Movie']
66,A Good Day to Die Hard,['Movie']
67,A Good Year,['Movie']
68,A Guy Named Joe,['Movie']
69,A Guy Thing,['Movie']
70,A Hard Day's Night,['Movie']
71,A Haunted House,['Movie']
72,A History of Violence,['Movie']
73,A Home at the End of the World,['Movie']
74,A Knight's Tale,['Movie']
75,A League of Their Own,['Movie']
76,A Lonely Place to Die,['Movie']
77,A Lot Like Love,['Movie']
78,A Low Down Dirty Shame,['Movie']
79,A Man Apart,['Movie']
80,A Man for All Seasons,['Movie']
81,A Mighty Heart,['Movie']
82,A Mighty Wind,['Movie']
83,A Most Violent Year,['Movie']
84,A Most Wanted Man,['Movie']
85,A Night at the Roxbury,['Movie']
86,A Nightmare on Elm Street,['Movie']
87,A Nightmare on Elm Street 3: Dream Warriors,['Movie']
88,A Nightmare on Elm Street 4: The Dream Master,['Movie']
89,A Nightmare on Elm Street 5: The Dream Child,['Movie']
90,A Nightmare on Elm Street Part 2: Freddy's Revenge,['Movie']
91,A Passage to India,['Movie']
92,A Perfect Getaway,['Movie']
93,A Room with a View,['Movie']
94,A Scanner Darkly,['Movie']
95,A Serious Man,['Movie']
96,A Simple Wish,['Movie']
97,A Sound of Thunder,['Movie']
98,A Streetcar Named Desire,['Movie']
99,A Thousand Words,['Movie']
100,A Time to Kill,['Movie']
101,A Very Harold & Kumar Christmas,['Movie']
102,A View to a Kill,['Movie']
103,A Walk Among the Tombstones,['Movie']
104,A Walk to Remember,['Movie']
105,A.I. Artificial Intelligence,['Movie']
106,ATL,['Movie']
107,AVP: Alien vs. Predator,['Movie']
108,Abandon,['Movie']
109,Abduction,['Movie']
110,About Last Night,['Movie']
111,About Schmidt,['Movie']
112,About a Boy,['Movie']
113,Abraham Lincoln: Vampire Hunter,['Movie']
114,Absolute Power,['Movie']
115,Ace Ventura: Pet Detective,['Movie']
116,Ace Ventura: When Nature Calls,['Movie']
117,Act of Valor,['Movie']
118,Action Jackson,['Movie']
119,Adaptation.,['Movie']
120,Admission,['Movie']
121,Adore,['Movie']
122,Adventureland,['Movie']
123,After Earth,['Movie']
124,After the Sunset,['Movie']
125,After.Life,['Movie']
126,Against the Ropes,['Movie']
127,Agent Cody Banks,['Movie']
128,Agent Cody Banks 2: Destination London,['Movie']
129,Agora,['Movie']
130,Air Bud,['Movie']
131,Air Force One,['Movie']
132,Airborne,['Movie']
133,Airlift,['Movie']
134,Airplane!,['Movie']
135,Akeelah and the Bee,['Movie']
136,Akira,['Movie']
137,Aladdin,['Movie']
138,Alatriste,['Movie']
139,Albert Nobbs,['Movie']
140,Alex & Emma,['Movie']
141,Alex Cross,['Movie']
142,Alexander,['Movie']
143,"Alexander and the Terrible, Horrible, No Good, Very Bad Day",['Movie']
144,Alexander's Ragtime Band,['Movie']
145,Alfie,['Movie']
146,Ali,['Movie']
147,Alice Through the Looking Glass,['Movie']
148,Alice in Wonderland,['Movie']
149,Alien,['Movie']
150,Alien: Resurrection,['Movie']
151,Aliens,['Movie']
152,Aliens in the Attic,['Movie']
153,Aliens vs Predator: Requiem,['Movie']
154,Alien³,['Movie']
155,Alive,['Movie']
156,All About Steve,['Movie']
157,All About the Benjamins,['Movie']
158,All Is Lost,['Movie']
159,All The Queen's Men,['Movie']
160,All the King's Men,['Movie']
161,Allegiant,['Movie']
162,Almost Famous,['Movie']
163,Aloft,['Movie']
164,Aloha,['Movie']
165,Alone With Her,['Movie']
166,Alone in the Dark,['Movie']
167,Along Came Polly,['Movie']
168,Along Came a Spider,['Movie']
169,Alpha and Omega,['Movie']
170,Alvin and the Chipmunks,['Movie']
171,Alvin and the Chipmunks: Chipwrecked,['Movie']
172,Alvin and the Chipmunks: The Squeakquel,['Movie']
173,Amadeus,['Movie']
174,American Beauty,['Movie']
175,American Dreamz,['Movie']
176,American Gangster,['Movie']
177,American Graffiti,['Movie']
178,American History X,['Movie']
179,American Hustle,['Movie']
180,American Outlaws,['Movie']
181,American Pie,['Movie']
182,American Pie 2,['Movie']
183,American Psycho,['Movie']
184,American Reunion,['Movie']
185,American Sniper,['Movie']
186,American Wedding,['Movie']
187,Amistad,['Movie']
188,Amores perros,['Movie']
189,Amour,['Movie']
190,Amélie,['Movie']
191,"An Alan Smithee Film: Burn, Hollywood, Burn",['Movie']
192,An American Carol,['Movie']
193,An Education,['Movie']
194,An Ideal Husband,['Movie']
195,An Inconvenient Truth,['Movie']
196,An Unfinished Life,['Movie']
197,Anaconda,['Movie']
198,Anacondas: The Hunt for the Blood Orchid,['Movie']
199,Analyze That,['Movie']
200,Analyze This,['Movie']
201,Anastasia,['Movie']
202,Anchorman 2: The Legend Continues,['Movie']
203,Anchorman: The Legend of Ron Burgundy,['Movie']
204,And So It Goes,['Movie']
205,Angel Eyes,['Movie']
206,Angela's Ashes,['Movie']
207,Angels & Demons,['Movie']
208,Animal House,['Movie']
209,Annabelle,['Movie']
210,Annie,['Movie']
211,Annie Get Your Gun,['Movie']
212,Annie Hall,['Movie']
213,Anomalisa,['Movie']
214,Anonymous,['Movie']
215,Another Earth,['Movie']
216,Another Happy Day,['Movie']
217,Another Year,['Movie']
218,Ant-Man,['Movie']
219,Antitrust,['Movie']
220,Antwone Fisher,['Movie']
221,Antz,['Movie']
222,Any Given Sunday,['Movie']
223,Anywhere But Here,['Movie']
224,Apocalypse Now,['Movie']
225,Apocalypto,['Movie']
226,Apollo 13,['Movie']
227,Apollo 18,['Movie']
228,Appaloosa,['Movie']
229,Aquamarine,['Movie']
230,Arachnophobia,['Movie']
231,Arbitrage,['Movie']
232,Are We There Yet?,['Movie']
233,Argo,['Movie']
234,Armageddon,['Movie']
235,Armored,['Movie']
236,Around the World in 80 Days,['Movie']
237,Arthur and the Invisibles,['Movie']
238,"As Above, So Below",['Movie']
239,As Good as It Gets,['Movie']
240,Assassins,['Movie']
241,Assault on Precinct 13,['Movie']
242,Asterix at the Olympic Games,['Movie']
243,Astro Boy,['Movie']
244,Atlantis: The Lost Empire,['Movie']
245,Atlas Shrugged Part III: Who is John Galt?,['Movie']
246,Atonement,['Movie']
247,Attack the Block,['Movie']
248,August Rush,['Movie']
249,August: Osage County,['Movie']
250,Austin Powers in Goldmember,['Movie']
251,Austin Powers: International Man of Mystery,['Movie']
252,Austin Powers: The Spy Who Shagged Me,['Movie']
253,Australia,['Movie']
254,Auto Focus,['Movie']
255,Avatar,['Movie']
256,Avengers: Age of Ultron,['Movie']
257,Awake,['Movie']
258,Away We Go,['Movie']
259,Baahubali: The Beginning,['Movie']
260,Babe,['Movie']
261,Babe: Pig in the City,['Movie']
262,Babel,['Movie']
263,Baby Boy,['Movie']
264,Baby Geniuses,['Movie']
265,Baby Mama,['Movie']
266,Baby's Day Out,['Movie']
267,Babylon A.D.,['Movie']
268,Bachelorette,['Movie']
269,Back to the Future,['Movie']
270,Back to the Future Part II,['Movie']
271,Back to the Future Part III,['Movie']
272,Bad Boys,['Movie']
273,Bad Boys II,['Movie']
274,Bad Company,['Movie']
275,Bad Grandpa,['Movie']
276,Bad Moms,['Movie']
277,Bad Santa,['Movie']
278,Bad Teacher,['Movie']
279,Bad Words,['Movie']
280,Baggage Claim,['Movie']
281,Ballistic: Ecks vs. Sever,['Movie']
282,Bambi,['Movie']
283,Bananas,['Movie']
284,Bandidas,['Movie']
285,Bandits,['Movie']
286,Bandslam,['Movie']
287,Bangkok Dangerous,['Movie']
288,Barbarella,['Movie']
289,Barbecue,['Movie']
290,Barbershop,['Movie']
291,Barbershop 2:  Back in Business,['Movie']
292,Barney's Version,['Movie']
293,Barnyard,['Movie']
294,Barry Lyndon,['Movie']
295,Basic,['Movie']
296,Basic Instinct 2,['Movie']
297,Basquiat,['Movie']
298,Bathing Beauty,['Movie']
299,Batman,['Movie']
300,Batman & Robin,['Movie']
301,Batman Begins,['Movie']
302,Batman Forever,['Movie']
303,Batman Returns,['Movie']
304,Batman v Superman: Dawn of Justice,['Movie']
305,Battle for the Planet of the Apes,['Movie']
306,Battle of the Year,['Movie']
307,Battle: Los Angeles,['Movie']
308,Battlefield Earth,['Movie']
309,Battleship,['Movie']
310,Be Cool,['Movie']
311,Beastly,['Movie']
312,Beastmaster 2: Through the Portal of Time,['Movie']
313,Beasts of the Southern Wild,['Movie']
314,Beautiful Creatures,['Movie']
315,Beauty Shop,['Movie']
316,Because of Winn-Dixie,['Movie']
317,Becoming Jane,['Movie']
318,Bedazzled,['Movie']
319,Bedtime Stories,['Movie']
320,Bee Movie,['Movie']
321,Beerfest,['Movie']
322,Beetlejuice,['Movie']
323,Before I Go to Sleep,['Movie']
324,Before Midnight,['Movie']
325,Before Sunrise,['Movie']
326,Before Sunset,['Movie']
327,Begin Again,['Movie']
328,Beginners,['Movie']
329,Behind Enemy Lines,['Movie']
330,Being John Malkovich,['Movie']
331,Ben-Hur,['Movie']
332,Bend It Like Beckham,['Movie']
333,Beneath the Planet of the Apes,['Movie']
334,Beowulf,['Movie']
335,Bernie,['Movie']
336,Beverly Hills Chihuahua,['Movie']
337,Beverly Hills Cop,['Movie']
338,Beverly Hills Cop II,['Movie']
339,Beverly Hills Cop III,['Movie']
340,Beyond the Lights,['Movie']
341,Beyond the Mat,['Movie']
342,Beyond the Valley of the Dolls,['Movie']
343,Bicentennial Man,['Movie']
344,Big,['Movie']
345,Big Daddy,['Movie']
346,Big Eyes,['Movie']
347,Big Fat Liar,['Movie']
348,Big Fish,['Movie']
349,Big Hero 6,['Movie']
350,Big Miracle,['Movie']
351,Big Momma's House,['Movie']
352,Big Momma's House 2,['Movie']
353,"Big Mommas: Like Father, Like Son",['Movie']
354,Big Trouble,['Movie']
355,Big Trouble in Little China,['Movie']
356,Bill & Ted's Excellent Adventure,['Movie']
357,Billy Elliot,['Movie']
358,Birdman,['Movie']
359,Black Book,['Movie']
360,Black Christmas,['Movie']
361,Black Hawk Down,['Movie']
362,Black Mass,['Movie']
363,Black Nativity,['Movie']
364,Black Rain,['Movie']
365,Black Snake Moan,['Movie']
366,Black Swan,['Movie']
367,Black or White,['Movie']
368,Blackhat,['Movie']
369,Blade,['Movie']
370,Blade II,['Movie']
371,Blade Runner,['Movie']
372,Blade: Trinity,['Movie']
373,Blast from the Past,['Movie']
374,Blazing Saddles,['Movie']
375,Blended,['Movie']
376,Blindness,['Movie']
377,Blood Diamond,['Movie']
378,Blood Ties,['Movie']
379,Blood Work,['Movie']
380,BloodRayne,['Movie']
381,Bloodsport,['Movie']
382,Blow,['Movie']
383,Blow Out,['Movie']
384,Blue Car,['Movie']
385,Blue Crush,['Movie']
386,Blue Jasmine,['Movie']
387,Blue Streak,['Movie']
388,Blue Valentine,['Movie']
389,Boat Trip,['Movie']
390,Body Double,['Movie']
391,Body of Lies,['Movie']
392,Bodyguards and Assassins,['Movie']
393,Boiler Room,['Movie']
394,Bolt,['Movie']
395,Bon Cop Bad Cop,['Movie']
396,Boogeyman,['Movie']
397,Boogie Nights,['Movie']
398,Boom Town,['Movie']
399,Boomerang,['Movie']
400,Borat: Cultural Learnings of America for Make Benefit Glorious Nation of Kazakhstan,['Movie']
401,Born on the Fourth of July,['Movie']
402,Bottle Rocket,['Movie']
403,Bottle Shock,['Movie']
404,Bound,['Movie']
405,Bowling for Columbine,['Movie']
406,Boyhood,['Movie']
407,Boys Don't Cry,['Movie']
408,Boys and Girls,['Movie']
409,Boyz n the Hood,['Movie']
410,Bran Nue Dae,['Movie']
411,Brave,['Movie']
412,Braveheart,['Movie']
413,Breakdown,['Movie']
414,Brick Mansions,['Movie']
415,Bride Wars,['Movie']
416,Bride of Chucky,['Movie']
417,Bridesmaids,['Movie']
418,Bridge of Spies,['Movie']
419,Bridge to Terabithia,['Movie']
420,Bridget Jones's Diary,['Movie']
421,Bridget Jones: The Edge of Reason,['Movie']
422,Brigham City,['Movie']
423,Bright Star,['Movie']
424,Bring It On,['Movie']
425,Bringing Down the House,['Movie']
426,Brokeback Mountain,['Movie']
427,Brokedown Palace,['Movie']
428,Broken Arrow,['Movie']
429,Broken City,['Movie']
430,Bronson,['Movie']
431,Brooklyn,['Movie']
432,Brooklyn Rules,['Movie']
433,Brooklyn's Finest,['Movie']
434,Brother,['Movie']
435,Brothers,['Movie']
436,Brown Sugar,['Movie']
437,Bruce Almighty,['Movie']
438,Buffalo '66,['Movie']
439,Bullet to the Head,['Movie']
440,Bulworth,['Movie']
441,Buried,['Movie']
442,Burlesque,['Movie']
443,Burn,['Movie']
444,Burn After Reading,['Movie']
445,Burnt,['Movie']
446,Butch Cassidy and the Sundance Kid,['Movie']
447,By the Sea,['Movie']
448,C.H.U.D.,['Movie']
449,Ca$h,['Movie']
450,Caddyshack,['Movie']
451,Can't Hardly Wait,['Movie']
452,Cape Fear,['Movie']
453,Capitalism: A Love Story,['Movie']
454,Capote,['Movie']
455,Captain America: Civil War,['Movie']
456,Captain America: The First Avenger,['Movie']
457,Captain America: The Winter Soldier,['Movie']
458,Captain Corelli's Mandolin,['Movie']
459,Captain Phillips,['Movie']
460,Captive,['Movie']
461,Carlos,['Movie']
462,Carnage,['Movie']
463,Carrie,['Movie']
464,Cars,['Movie']
465,Cars 2,['Movie']
466,Casablanca,['Movie']
467,Case 39,['Movie']
468,Casino,['Movie']
469,Casino Jack,['Movie']
470,Casino Royale,['Movie']
471,Casper,['Movie']
472,Cast Away,['Movie']
473,Cat on a Hot Tin Roof,['Movie']
474,Catch Me If You Can,['Movie']
475,Catch That Kid,['Movie']
476,Catch-22,['Movie']
477,Cats & Dogs,['Movie']
478,Cats & Dogs 2 : The Revenge of Kitty Galore,['Movie']
479,Cats Don't Dance,['Movie']
480,Catwoman,['Movie']
481,Cellular,['Movie']
482,Center Stage,['Movie']
483,Central Intelligence,['Movie']
484,Central Station,['Movie']
485,Centurion,['Movie']
486,Chain Reaction,['Movie']
487,Changeling,['Movie']
488,Changing Lanes,['Movie']
489,Chappie,['Movie']
490,Chariots of Fire,['Movie']
491,Charlie St. Cloud,['Movie']
492,Charlie Wilson's War,['Movie']
493,Charlie and the Chocolate Factory,['Movie']
494,Charlie's Angels,['Movie']
495,Charlie's Angels: Full Throttle,['Movie']
496,Charlotte's Web,['Movie']
497,Charly,['Movie']
498,Chasing Amy,['Movie']
499,Chasing Liberty,['Movie']
500,Cheaper by the Dozen,['Movie']
501,Cheaper by the Dozen 2,['Movie']
502,Cheri,['Movie']
503,Chicago,['Movie']
504,Chicken Little,['Movie']
505,Chicken Run,['Movie']
506,Child 44,['Movie']
507,Child's Play,['Movie']
508,Child's Play 2,['Movie']
509,Children of Heaven,['Movie']
510,Children of Men,['Movie']
511,Chill Factor,['Movie']
512,Chloe,['Movie']
513,Chocolat,['Movie']
514,Choke,['Movie']
515,Chronicle,['Movie']
516,Cinderella,['Movie']
517,Cinderella Man,['Movie']
518,Cirque du Freak: The Vampire's Assistant,['Movie']
519,City By The Sea,['Movie']
520,City Island,['Movie']
521,City of Angels,['Movie']
522,City of Ember,['Movie']
523,City of God,['Movie']
524,City of Life and Death,['Movie']
525,Clash of the Titans,['Movie']
526,Clear and Present Danger,['Movie']
527,Cleopatra,['Movie']
528,Clerks,['Movie']
529,Clerks II,['Movie']
530,Click,['Movie']
531,Cliffhanger,['Movie']
532,Clockstoppers,['Movie']
533,Close Encounters of the Third Kind,['Movie']
534,Closer,['Movie']
535,Cloud Atlas,['Movie']
536,Cloudy with a Chance of Meatballs,['Movie']
537,Cloudy with a Chance of Meatballs 2,['Movie']
538,Cloverfield,['Movie']
539,Club Dread,['Movie']
540,Coach Carter,['Movie']
541,Coal Miner's Daughter,['Movie']
542,Code Name: The Cleaner,['Movie']
543,Cold Mountain,['Movie']
544,Collateral,['Movie']
545,Collateral Damage,['Movie']
546,College,['Movie']
547,Colombiana,['Movie']
548,Commando,['Movie']
549,Con Air,['Movie']
550,Conan the Barbarian,['Movie']
551,Conan the Destroyer,['Movie']
552,Concussion,['Movie']
553,Confessions of a Dangerous Mind,['Movie']
554,Confessions of a Teenage Drama Queen,['Movie']
555,Congo,['Movie']
556,Connie and Carla,['Movie']
557,Conquest of the Planet of the Apes,['Movie']
558,Conspiracy Theory,['Movie']
559,Contact,['Movie']
560,Contagion,['Movie']
561,Contraband,['Movie']
562,Conversations with Other Women,['Movie']
563,Cool Runnings,['Movie']
564,Cop Land,['Movie']
565,Cop Out,['Movie']
566,Coraline,['Movie']
567,Coriolanus,['Movie']
568,Corky Romano,['Movie']
569,Corpse Bride,['Movie']
570,Country Strong,['Movie']
571,Couples Retreat,['Movie']
572,Courage Under Fire,['Movie']
573,Courageous,['Movie']
574,Coyote Ugly,['Movie']
575,Cradle 2 the Grave,['Movie']
576,Crank,['Movie']
577,Crank: High Voltage,['Movie']
578,Crash,['Movie']
579,Crazy Heart,['Movie']
580,"Crazy, Stupid, Love.",['Movie']
581,Crazy/Beautiful,['Movie']
582,Creed,['Movie']
583,Creepshow,['Movie']
584,Creepshow 2,['Movie']
585,Criminal,['Movie']
586,Crimson Tide,['Movie']
587,Crocodile Dundee,['Movie']
588,Crocodile Dundee in Los Angeles,['Movie']
589,Crossover,['Movie']
590,Crossroads,['Movie']
591,"Crouching Tiger, Hidden Dragon",['Movie']
592,Cruel Intentions,['Movie']
593,Cry_Wolf,['Movie']
594,Cube,['Movie']
595,Cure,['Movie']
596,Curious George,['Movie']
597,Cursed,['Movie']
598,Cutthroat Island,['Movie']
599,D-Tox,['Movie']
600,DOA: Dead or Alive,['Movie']
601,Daddy Day Camp,['Movie']
602,Daddy Day Care,['Movie']
603,Daddy's Home,['Movie']
604,Dallas Buyers Club,['Movie']
605,Damnation Alley,['Movie']
606,Dancer in the Dark,['Movie']
607,Dances with Wolves,['Movie']
608,Dangerous Liaisons,['Movie']
609,Danny Collins,['Movie']
610,Dante's Peak,['Movie']
611,Dark Blue,['Movie']
612,Dark City,['Movie']
613,Dark Shadows,['Movie']
614,Dark Water,['Movie']
615,Das Boot,['Movie']
616,Date Movie,['Movie']
617,Date Night,['Movie']
618,Dave Chappelle's Block Party,['Movie']
619,Dawn of the Dead,['Movie']
620,Dawn of the Planet of the Apes,['Movie']
621,Day of the Dead,['Movie']
622,Daybreakers,['Movie']
623,Daylight,['Movie']
624,Days of Thunder,['Movie']
625,Dazed and Confused,['Movie']
626,Dead Man Walking,['Movie']
627,Dead Poets Society,['Movie']
628,Dead Snow,['Movie']
629,Deadfall,['Movie']
630,Deadpool,['Movie']
631,Dear John,['Movie']
632,Death Becomes Her,['Movie']
633,Death Race,['Movie']
634,Death Race 2000,['Movie']
635,Death Sentence,['Movie']
636,Death at a Funeral,['Movie']
637,Deconstructing Harry,['Movie']
638,Deep Blue Sea,['Movie']
639,Deep Impact,['Movie']
640,Deep Rising,['Movie']
641,Defendor,['Movie']
642,Delivery Man,['Movie']
643,Demonic,['Movie']
644,Derailed,['Movie']
645,Desperado,['Movie']
646,Despicable Me,['Movie']
647,Despicable Me 2,['Movie']
648,Detroit Rock City,['Movie']
649,Deuce Bigalow: European Gigolo,['Movie']
650,Deuce Bigalow: Male Gigolo,['Movie']
651,Devil,['Movie']
652,Devil's Due,['Movie']
653,Diamonds Are Forever,['Movie']
654,Diary of a Wimpy Kid,['Movie']
655,Diary of a Wimpy Kid: Dog Days,['Movie']
656,Diary of a Wimpy Kid: Rodrick Rules,['Movie']
657,Diary of the Dead,['Movie']
658,Dick,['Movie']
659,Dick Tracy,['Movie']
660,Did You Hear About the Morgans?,['Movie']
661,Die Another Day,['Movie']
662,Die Hard,['Movie']
663,Die Hard 2,['Movie']
664,Die Hard: With a Vengeance,['Movie']
665,Dinner for Schmucks,['Movie']
666,Dinosaur,['Movie']
667,Dirty Grandpa,['Movie']
668,Disaster Movie,['Movie']
669,Disclosure,['Movie']
670,District 9,['Movie']
671,District B13,['Movie']
672,Disturbia,['Movie']
673,Disturbing Behavior,['Movie']
674,Divergent,['Movie']
675,Django Unchained,['Movie']
676,Do the Right Thing,['Movie']
677,Doctor Dolittle,['Movie']
678,Doctor Zhivago,['Movie']
679,DodgeBall: A True Underdog Story,['Movie']
680,Dogma,['Movie']
681,Dolphin Tale,['Movie']
682,Dolphin Tale 2,['Movie']
683,Dolphins and Whales: Tribes of the Ocean,['Movie']
684,Domestic Disturbance,['Movie']
685,Domino,['Movie']
686,Don Juan DeMarco,['Movie']
687,Don't Be Afraid of the Dark,['Movie']
688,Don't Say a Word,['Movie']
689,Donnie Brasco,['Movie']
690,Donnie Darko,['Movie']
691,Donovan's Reef,['Movie']
692,Doom,['Movie']
693,Doomsday,['Movie']
694,Dope,['Movie']
695,Double Impact,['Movie']
696,Double Jeopardy,['Movie']
697,Doubt,['Movie']
698,Down Terrace,['Movie']
699,Down in the Valley,['Movie']
700,Downfall,['Movie']
701,Dr. Dolittle 2,['Movie']
702,Dr. No,['Movie']
703,Dr. Strangelove or: How I Learned to Stop Worrying and Love the Bomb,['Movie']
704,Dracula,['Movie']
705,Dracula 2000,['Movie']
706,Dracula Untold,['Movie']
707,Draft Day,['Movie']
708,Drag Me to Hell,['Movie']
709,Dragon Blade,['Movie']
710,Dragon Wars: D-War,['Movie']
711,DragonHeart,['Movie']
712,Dragonfly,['Movie']
713,Dragonslayer,['Movie']
714,Dream House,['Movie']
715,Dreamcatcher,['Movie']
716,Dreamgirls,['Movie']
717,Dreaming of Joseph Lees,['Movie']
718,Dredd,['Movie']
719,Dressed to Kill,['Movie']
720,Drive,['Movie']
721,Drive Angry,['Movie']
722,Drive Me Crazy,['Movie']
723,Driven,['Movie']
724,Driving Miss Daisy,['Movie']
725,Drop Dead Gorgeous,['Movie']
726,Drowning Mona,['Movie']
727,Drumline,['Movie']
728,"Dude, Where’s My Car?",['Movie']
729,Due Date,['Movie']
730,Duel in the Sun,['Movie']
731,Dumb and Dumber,['Movie']
732,Dumb and Dumber To,['Movie']
733,Dumb and Dumberer: When Harry Met Lloyd,['Movie']
734,Dune,['Movie']
735,Duplex,['Movie']
736,Duplicity,['Movie']
737,Dylan Dog: Dead of Night,['Movie']
738,E.T. the Extra-Terrestrial,['Movie']
739,Eagle Eye,['Movie']
740,Earth to Echo,['Movie']
741,East Is East,['Movie']
742,Eastern Promises,['Movie']
743,Easy A,['Movie']
744,Eat Pray Love,['Movie']
745,Ed Wood,['Movie']
746,Eddie the Eagle,['Movie']
747,Edge of Darkness,['Movie']
748,Edge of Tomorrow,['Movie']
749,Edward Scissorhands,['Movie']
750,Eight Below,['Movie']
751,El Mariachi,['Movie']
752,Elektra,['Movie']
753,Elf,['Movie']
754,Elizabeth,['Movie']
755,Elizabeth: The Golden Age,['Movie']
756,Elizabethtown,['Movie']
757,Ella Enchanted,['Movie']
758,Elmer Gantry,['Movie']
759,Elysium,['Movie']
760,Employee of the Month,['Movie']
761,Enchanted,['Movie']
762,End of Days,['Movie']
763,End of Watch,['Movie']
764,Ender's Game,['Movie']
765,Endless Love,['Movie']
766,Enemy at the Gates,['Movie']
767,Enemy of the State,['Movie']
768,Enough,['Movie']
769,Enter the Void,['Movie']
770,Entrapment,['Movie']
771,Epic,['Movie']
772,Epic Movie,['Movie']
773,Equilibrium,['Movie']
774,Eragon,['Movie']
775,Eraser,['Movie']
776,Eraserhead,['Movie']
777,Erin Brockovich,['Movie']
778,Ernest & Celestine,['Movie']
779,Escape Plan,['Movie']
780,Escape from Alcatraz,['Movie']
781,Escape from L.A.,['Movie']
782,Escape from New York,['Movie']
783,Escape from Planet Earth,['Movie']
784,Escape from the Planet of the Apes,['Movie']
785,Escobar: Paradise Lost,['Movie']
786,Eternal Sunshine of the Spotless Mind,['Movie']
787,EuroTrip,['Movie']
788,Evan Almighty,['Movie']
789,Event Horizon,['Movie']
790,Ever After: A Cinderella Story,['Movie']
791,Everest,['Movie']
792,Everything Must Go,['Movie']
793,Everything You Always Wanted to Know About Sex *But Were Afraid to Ask,['Movie']
794,Evil Dead,['Movie']
795,Evil Dead II,['Movie']
796,Evita,['Movie']
797,Ex Machina,['Movie']
798,Excessive Force,['Movie']
799,Executive Decision,['Movie']
800,Exit Wounds,['Movie']
801,Exodus: Gods and Kings,['Movie']
802,Exorcist II: The Heretic,['Movie']
803,Exorcist: The Beginning,['Movie']
804,Extract,['Movie']
805,Extraordinary Measures,['Movie']
806,Extreme Measures,['Movie']
807,Extreme Ops,['Movie']
808,Extremely Loud & Incredibly Close,['Movie']
809,Eye of the Dolphin,['Movie']
810,Eyes Wide Shut,['Movie']
811,F.I.S.T.,['Movie']
812,Face/Off,['Movie']
813,Facing the Giants,['Movie']
814,Fahrenheit 9/11,['Movie']
815,Failure to Launch,['Movie']
816,Fair Game,['Movie']
817,Faithful,['Movie']
818,Family Plot,['Movie']
819,Fantasia,['Movie']
820,Fantasia 2000,['Movie']
821,Fantastic 4: Rise of the Silver Surfer,['Movie']
822,Fantastic Four,['Movie']
823,Fantastic Mr. Fox,['Movie']
824,Far from Heaven,['Movie']
825,Fast Five,['Movie']
826,Fast Times at Ridgemont High,['Movie']
827,Faster,['Movie']
828,Fatal Attraction,['Movie']
829,Fear and Loathing in Las Vegas,['Movie']
830,FearDotCom,['Movie']
831,Femme Fatale,['Movie']
832,Fever Pitch,['Movie']
833,Fiddler on the Roof,['Movie']
834,Fido,['Movie']
835,Fifty Shades of Black,['Movie']
836,Fifty Shades of Grey,['Movie']
837,Fight Club,['Movie']
838,Final Destination,['Movie']
839,Final Destination 2,['Movie']
840,Final Destination 3,['Movie']
841,Final Destination 5,['Movie']
842,Final Fantasy: The Spirits Within,['Movie']
843,Find Me Guilty,['Movie']
844,Finding Forrester,['Movie']
845,Finding Nemo,['Movie']
846,Finding Neverland,['Movie']
847,Firefox,['Movie']
848,Fireproof,['Movie']
849,Firestarter,['Movie']
850,Firewall,['Movie']
851,First Blood,['Movie']
852,First Knight,['Movie']
853,"First Love, Last Rites",['Movie']
854,Fish Tank,['Movie']
855,Fiza,['Movie']
856,Flags of Our Fathers,['Movie']
857,Flash Gordon,['Movie']
858,Flashdance,['Movie']
859,Flatliners,['Movie']
860,Fled,['Movie']
861,Flicka,['Movie']
862,Flight,['Movie']
863,Flight of the Phoenix,['Movie']
864,Flightplan,['Movie']
865,Flipped,['Movie']
866,Flipper,['Movie']
867,Flirting with Disaster,['Movie']
868,Florence Foster Jenkins,['Movie']
869,Flubber,['Movie']
870,Flushed Away,['Movie']
871,Flyboys,['Movie']
872,Focus,['Movie']
873,Foodfight!,['Movie']
874,Fool's Gold,['Movie']
875,Footloose,['Movie']
876,For Greater Glory - The True Story of Cristiada,['Movie']
877,For Your Consideration,['Movie']
878,For Your Eyes Only,['Movie']
879,"For a Good Time, Call...",['Movie']
880,Force 10 from Navarone,['Movie']
881,Forgetting Sarah Marshall,['Movie']
882,Forrest Gump,['Movie']
883,Fortress,['Movie']
884,Four Brothers,['Movie']
885,Four Christmases,['Movie']
886,Four Lions,['Movie']
887,Four Rooms,['Movie']
888,Four Weddings and a Funeral,['Movie']
889,Frailty,['Movie']
890,Frankenweenie,['Movie']
891,Freakonomics,['Movie']
892,Freaky Friday,['Movie']
893,Freddy vs. Jason,['Movie']
894,Freddy's Dead: The Final Nightmare,['Movie']
895,Free Birds,['Movie']
896,Free State of Jones,['Movie']
897,Freedom Writers,['Movie']
898,Freeheld,['Movie']
899,Frenzy,['Movie']
900,Frequency,['Movie']
901,Frida,['Movie']
902,Friday,['Movie']
903,Friday After Next,['Movie']
904,Friday the 13th Part 2,['Movie']
905,Friday the 13th Part III,['Movie']
906,Friday the 13th Part VI: Jason Lives,['Movie']
907,Friday the 13th Part VII: The New Blood,['Movie']
908,Friday the 13th Part VIII: Jason Takes Manhattan,['Movie']
909,Friday the 13th: A New Beginning,['Movie']
910,Friday the 13th: The Final Chapter,['Movie']
911,Friends with Benefits,['Movie']
912,Friends with Money,['Movie']
913,Fright Night,['Movie']
914,From Dusk Till Dawn,['Movie']
915,From Hell,['Movie']
916,From Here to Eternity,['Movie']
917,From Justin to Kelly,['Movie']
918,From Paris with Love,['Movie']
919,From Russia with Love,['Movie']
920,From a Whisper to a Scream,['Movie']
921,Frozen,['Movie']
922,Full Frontal,['Movie']
923,Fun Size,['Movie']
924,Fun with Dick and Jane,['Movie']
925,Funny Games,['Movie']
926,Funny People,['Movie']
927,Fur: An Imaginary Portrait of Diane Arbus,['Movie']
928,Furious 7,['Movie']
929,Furry Vengeance,['Movie']
930,Fury,['Movie']
931,G-Force,['Movie']
932,G.I. Jane,['Movie']
933,G.I. Joe: Retaliation,['Movie']
934,G.I. Joe: The Rise of Cobra,['Movie']
935,Galaxina,['Movie']
936,Galaxy Quest,['Movie']
937,Gamer,['Movie']
938,Gandhi,['Movie']
939,Gangs of New York,['Movie']
940,Gangster Squad,['Movie']
941,Garden State,['Movie']
942,Garfield,['Movie']
943,Gattaca,['Movie']
944,Gentleman's Agreement,['Movie']
945,Get Carter,['Movie']
946,Get Hard,['Movie']
947,Get Him to the Greek,['Movie']
948,Get Rich or Die Tryin',['Movie']
949,Get Shorty,['Movie']
950,Get Smart,['Movie']
951,Get on the Bus,['Movie']
952,Getaway,['Movie']
953,Ghost,['Movie']
954,Ghost Rider,['Movie']
955,Ghost Rider: Spirit of Vengeance,['Movie']
956,Ghost Ship,['Movie']
957,Ghostbusters,['Movie']
958,Ghosts of Mars,['Movie']
959,Gigli,['Movie']
960,Girl 6,['Movie']
961,Gladiator,['Movie']
962,Glee: The Concert Movie,['Movie']
963,Glengarry Glen Ross,['Movie']
964,Glitter,['Movie']
965,Glory,['Movie']
966,Go,['Movie']
967,Goal!: The Dream Begins,['Movie']
968,God's Not Dead 2,['Movie']
969,Gods and Generals,['Movie']
970,Gods and Monsters,['Movie']
971,Gods of Egypt,['Movie']
972,Godsend,['Movie']
973,Godzilla 2000,['Movie']
974,Going the Distance,['Movie']
975,GoldenEye,['Movie']
976,Goldfinger,['Movie']
977,Gone Girl,['Movie']
978,Gone in Sixty Seconds,['Movie']
979,Gone with the Wind,['Movie']
980,Good Luck Chuck,['Movie']
981,"Good Morning, Vietnam",['Movie']
982,"Good Night, and Good Luck.",['Movie']
983,Good Will Hunting,['Movie']
984,"Good bye, Lenin!",['Movie']
985,GoodFellas,['Movie']
986,Goosebumps,['Movie']
987,Gosford Park,['Movie']
988,Gossip,['Movie']
989,Gothika,['Movie']
990,Gracie,['Movie']
991,Gran Torino,['Movie']
992,Gravity,['Movie']
993,Grease,['Movie']
994,Green Lantern,['Movie']
995,Green Room,['Movie']
996,Green Zone,['Movie']
997,Gremlins,['Movie']
998,Gremlins 2: The New Batch,['Movie']
999,Gridiron Gang,['Movie']
1000,Grindhouse,['Movie']
1001,Groundhog Day,['Movie']
1002,Grown Ups,['Movie']
1003,Grown Ups 2,['Movie']
1004,Grudge Match,['Movie']
1005,Guardians of the Galaxy,['Movie']
1006,Guess Who,['Movie']
1007,Gulliver's Travels,['Movie']
1008,Gun Shy,['Movie']
1009,Hachi: A Dog's Tale,['Movie']
1010,Hackers,['Movie']
1011,"Hail, Caesar!",['Movie']
1012,Hairspray,['Movie']
1013,Half Baked,['Movie']
1014,Half Nelson,['Movie']
1015,Hall Pass,['Movie']
1016,Halloween,['Movie']
1017,Halloween 4: The Return of Michael Myers,['Movie']
1018,Halloween 5: The Revenge of Michael Myers,['Movie']
1019,Halloween II,['Movie']
1020,Halloween III: Season of the Witch,['Movie']
1021,Halloween: Resurrection,['Movie']
1022,Halloween: The Curse of Michael Myers,['Movie']
1023,Hancock,['Movie']
1024,Hang 'em High,['Movie']
1025,Hanging Up,['Movie']
1026,Hanna,['Movie']
1027,Hannah Montana: The Movie,['Movie']
1028,Hannibal Rising,['Movie']
1029,Hansel & Gretel: Witch Hunters,['Movie']
1030,Happily N'Ever After,['Movie']
1031,Happiness,['Movie']
1032,Happy Feet,['Movie']
1033,Happy Feet Two,['Movie']
1034,Happy Gilmore,['Movie']
1035,"Happy, Texas",['Movie']
1036,Hard Candy,['Movie']
1037,Hard Rain,['Movie']
1038,Hard to Be a God,['Movie']
1039,Hardball,['Movie']
1040,Harley Davidson and the Marlboro Man,['Movie']
1041,Harold & Kumar Escape from Guantanamo Bay,['Movie']
1042,Harold & Kumar Go to White Castle,['Movie']
1043,Harper,['Movie']
1044,Harry Brown,['Movie']
1045,Harry Potter and the Chamber of Secrets,['Movie']
1046,Harry Potter and the Goblet of Fire,['Movie']
1047,Harry Potter and the Half-Blood Prince,['Movie']
1048,Harry Potter and the Order of the Phoenix,['Movie']
1049,Harry Potter and the Philosopher's Stone,['Movie']
1050,Harry Potter and the Prisoner of Azkaban,['Movie']
1051,Harsh Times,['Movie']
1052,Hart's War,['Movie']
1053,Haywire,['Movie']
1054,He Got Game,['Movie']
1055,He's Just Not That Into You,['Movie']
1056,Head Over Heels,['Movie']
1057,Heartbeeps,['Movie']
1058,Hearts in Atlantis,['Movie']
1059,Heaven is for Real,['Movie']
1060,Heaven's Gate,['Movie']
1061,Heavenly Creatures,['Movie']
1062,Heist,['Movie']
1063,Hell's Angels,['Movie']
1064,Hellboy,['Movie']
1065,Hellboy II: The Golden Army,['Movie']
1066,Hellraiser,['Movie']
1067,Her,['Movie']
1068,Herbie Fully Loaded,['Movie']
1069,Hercules,['Movie']
1070,Hereafter,['Movie']
1071,Hero,['Movie']
1072,Hesher,['Movie']
1073,Hidalgo,['Movie']
1074,Hide and Seek,['Movie']
1075,High Anxiety,['Movie']
1076,High Crimes,['Movie']
1077,High Fidelity,['Movie']
1078,High Noon,['Movie']
1079,High Plains Drifter,['Movie']
1080,Higher Ground,['Movie']
1081,Highlander,['Movie']
1082,Highlander: Endgame,['Movie']
1083,Highlander: The Final Dimension,['Movie']
1084,History of the World: Part I,['Movie']
1085,Hit & Run,['Movie']
1086,Hitch,['Movie']
1087,Hitman,['Movie']
1088,Hobo with a Shotgun,['Movie']
1089,Hocus Pocus,['Movie']
1090,Hollow Man,['Movie']
1091,Hollywood Homicide,['Movie']
1092,Home,['Movie']
1093,Home Alone,['Movie']
1094,Home Alone 2: Lost in New York,['Movie']
1095,Home Fries,['Movie']
1096,Home Run,['Movie']
1097,Home on the Range,['Movie']
1098,Homefront,['Movie']
1099,Honey,['Movie']
1100,Hoodwinked Too! Hood VS. Evil,['Movie']
1101,Hoodwinked!,['Movie']
1102,Hook,['Movie']
1103,Hoop Dreams,['Movie']
1104,Hop,['Movie']
1105,Hope Springs,['Movie']
1106,Horrible Bosses,['Movie']
1107,Horrible Bosses 2,['Movie']
1108,Hostage,['Movie']
1109,Hostel,['Movie']
1110,Hostel: Part II,['Movie']
1111,Hot Fuzz,['Movie']
1112,Hot Pursuit,['Movie']
1113,Hot Tub Time Machine,['Movie']
1114,Hot Tub Time Machine 2,['Movie']
1115,Hotel Rwanda,['Movie']
1116,Hotel Transylvania,['Movie']
1117,Hotel Transylvania 2,['Movie']
1118,Hotel for Dogs,['Movie']
1119,House at the End of the Street,['Movie']
1120,House of 1000 Corpses,['Movie']
1121,House of Sand and Fog,['Movie']
1122,House of Wax,['Movie']
1123,House on Haunted Hill,['Movie']
1124,How Do You Know,['Movie']
1125,How Green Was My Valley,['Movie']
1126,How High,['Movie']
1127,How Stella Got Her Groove Back,['Movie']
1128,How the Grinch Stole Christmas,['Movie']
1129,How to Be Single,['Movie']
1130,How to Lose Friends & Alienate People,['Movie']
1131,How to Lose a Guy in 10 Days,['Movie']
1132,How to Train Your Dragon,['Movie']
1133,How to Train Your Dragon 2,['Movie']
1134,Howard the Duck,['Movie']
1135,Howl's Moving Castle,['Movie']
1136,Hud,['Movie']
1137,Hudson Hawk,['Movie']
1138,Hugo,['Movie']
1139,Hulk,['Movie']
1140,Human Traffic,['Movie']
1141,Hustle & Flow,['Movie']
1142,I Am Legend,['Movie']
1143,I Am Number Four,['Movie']
1144,I Am Sam,['Movie']
1145,I Don't Know How She Does It,['Movie']
1146,I Hope They Serve Beer in Hell,['Movie']
1147,I Know What You Did Last Summer,['Movie']
1148,I Love You Phillip Morris,['Movie']
1149,"I Love You, Man",['Movie']
1150,I Married a Strange Person!,['Movie']
1151,I Spit on Your Grave,['Movie']
1152,I Spy,['Movie']
1153,I Still Know What You Did Last Summer,['Movie']
1154,I Think I Love My Wife,['Movie']
1155,I'm Not There.,['Movie']
1156,"I, Frankenstein",['Movie']
1157,"I, Robot",['Movie']
1158,Ice Age,['Movie']
1159,Ice Age: Continental Drift,['Movie']
1160,Ice Age: Dawn of the Dinosaurs,['Movie']
1161,Ice Age: The Meltdown,['Movie']
1162,Ice Princess,['Movie']
1163,Ida,['Movie']
1164,Identity,['Movie']
1165,Identity Thief,['Movie']
1166,Idiocracy,['Movie']
1167,Idle Hands,['Movie']
1168,If I Stay,['Movie']
1169,Igby Goes Down,['Movie']
1170,Immortals,['Movie']
1171,In Bruges,['Movie']
1172,In Cold Blood,['Movie']
1173,In Time,['Movie']
1174,In Too Deep,['Movie']
1175,In the Cut,['Movie']
1176,In the Heart of the Sea,['Movie']
1177,In the Land of Blood and Honey,['Movie']
1178,In the Land of Women,['Movie']
1179,In the Valley of Elah,['Movie']
1180,Incendies,['Movie']
1181,Inception,['Movie']
1182,Inchon,['Movie']
1183,Independence Day,['Movie']
1184,Independence Day: Resurgence,['Movie']
1185,Indiana Jones and the Kingdom of the Crystal Skull,['Movie']
1186,Indiana Jones and the Last Crusade,['Movie']
1187,Indiana Jones and the Temple of Doom,['Movie']
1188,Infamous,['Movie']
1189,Inglourious Basterds,['Movie']
1190,Inherent Vice,['Movie']
1191,Inkheart,['Movie']
1192,Inside Deep Throat,['Movie']
1193,Inside Job,['Movie']
1194,Inside Llewyn Davis,['Movie']
1195,Inside Man,['Movie']
1196,Inside Out,['Movie']
1197,Insidious,['Movie']
1198,Insidious: Chapter 3,['Movie']
1199,Insomnia,['Movie']
1200,Instructions Not Included,['Movie']
1201,Insurgent,['Movie']
1202,Interstellar,['Movie']
1203,Interview with the Vampire,['Movie']
1204,Into the Blue,['Movie']
1205,Into the Storm,['Movie']
1206,Into the Wild,['Movie']
1207,Into the Woods,['Movie']
1208,Intolerable Cruelty,['Movie']
1209,Intolerance,['Movie']
1210,Invaders from Mars,['Movie']
1211,Invictus,['Movie']
1212,Ip Man 3,['Movie']
1213,Iron Man,['Movie']
1214,Iron Man 2,['Movie']
1215,Iron Man 3,['Movie']
1216,Ishtar,['Movie']
1217,Isn't She Great,['Movie']
1218,It Follows,['Movie']
1219,It Happened One Night,['Movie']
1220,It's All Gone Pete Tong,['Movie']
1221,It's Complicated,['Movie']
1222,It's Kind of a Funny Story,['Movie']
1223,"It's a Mad, Mad, Mad, Mad World",['Movie']
1224,It's a Wonderful Life,['Movie']
1225,J. Edgar,['Movie']
1226,JFK,['Movie']
1227,Jack Reacher,['Movie']
1228,Jack Ryan: Shadow Recruit,['Movie']
1229,Jack and Jill,['Movie']
1230,Jack the Giant Slayer,['Movie']
1231,Jackass 3D,['Movie']
1232,Jackass Number Two,['Movie']
1233,Jackass: The Movie,['Movie']
1234,Jackie Brown,['Movie']
1235,Jade,['Movie']
1236,Jane Got a Gun,['Movie']
1237,Janky Promoters,['Movie']
1238,Jarhead,['Movie']
1239,Jason Bourne,['Movie']
1240,Jason Goes to Hell: The Final Friday,['Movie']
1241,Jason X,['Movie']
1242,Jawbreaker,['Movie']
1243,Jaws,['Movie']
1244,Jaws 2,['Movie']
1245,Jaws: The Revenge,['Movie']
1246,Jay and Silent Bob Strike Back,['Movie']
1247,Jeepers Creepers,['Movie']
1248,Jeepers Creepers 2,['Movie']
1249,"Jeff, Who Lives at Home",['Movie']
1250,Jefferson in Paris,['Movie']
1251,Jennifer's Body,['Movie']
1252,Jerry Maguire,['Movie']
1253,Jersey Boys,['Movie']
1254,Jersey Girl,['Movie']
1255,Jimmy Neutron: Boy Genius,['Movie']
1256,Jingle All the Way,['Movie']
1257,Joe,['Movie']
1258,Joe Dirt,['Movie']
1259,John Carter,['Movie']
1260,John Q,['Movie']
1261,Johnny English,['Movie']
1262,Johnny English Reborn,['Movie']
1263,Johnson Family Vacation,['Movie']
1264,Jonah Hex,['Movie']
1265,Journey 2: The Mysterious Island,['Movie']
1266,Journey from the Fall,['Movie']
1267,Journey to the Center of the Earth,['Movie']
1268,Joy,['Movie']
1269,Joy Ride,['Movie']
1270,Joyeux Noël,['Movie']
1271,Judgment at Nuremberg,['Movie']
1272,Julie & Julia,['Movie']
1273,Jumper,['Movie']
1274,Jumping the Broom,['Movie']
1275,Juno,['Movie']
1276,Jupiter Ascending,['Movie']
1277,Jurassic Park,['Movie']
1278,Jurassic Park III,['Movie']
1279,Jurassic World,['Movie']
1280,Just Go with It,['Movie']
1281,Just Like Heaven,['Movie']
1282,Just Married,['Movie']
1283,Just My Luck,['Movie']
1284,Justin Bieber: Never Say Never,['Movie']
1285,K-19: The Widowmaker,['Movie']
1286,K-PAX,['Movie']
1287,Kabhi Alvida Naa Kehna,['Movie']
1288,Kama Sutra - A Tale of Love,['Movie']
1289,Katy Perry: Part of Me,['Movie']
1290,Keanu,['Movie']
1291,Keeping the Faith,['Movie']
1292,Khumba,['Movie']
1293,Kick-Ass,['Movie']
1294,Kick-Ass 2,['Movie']
1295,Kicking & Screaming,['Movie']
1296,Kids,['Movie']
1297,Kill Bill: Vol. 1,['Movie']
1298,Kill Bill: Vol. 2,['Movie']
1299,Kill List,['Movie']
1300,Kill the Messenger,['Movie']
1301,Killer Elite,['Movie']
1302,Killer Joe,['Movie']
1303,Killers,['Movie']
1304,Killing Them Softly,['Movie']
1305,Killing Zoe,['Movie']
1306,Kindergarten Cop,['Movie']
1307,King Kong,['Movie']
1308,Kingdom of Heaven,['Movie']
1309,Kingdom of the Spiders,['Movie']
1310,Kingpin,['Movie']
1311,Kiss Kiss Bang Bang,['Movie']
1312,Kiss of the Dragon,['Movie']
1313,Kiss the Girls,['Movie']
1314,Kissing Jessica Stein,['Movie']
1315,Knight and Day,['Movie']
1316,Knockaround Guys,['Movie']
1317,Knocked Up,['Movie']
1318,Knowing,['Movie']
1319,Krampus,['Movie']
1320,Krull,['Movie']
1321,Kundun,['Movie']
1322,Kung Fu Hustle,['Movie']
1323,Kung Fu Panda,['Movie']
1324,Kung Fu Panda 2,['Movie']
1325,Kung Fu Panda 3,['Movie']
1326,L!fe Happens,['Movie']
1327,L.A. Confidential,['Movie']
1328,L.I.E.,['Movie']
1329,La Bamba,['Movie']
1330,Labor Day,['Movie']
1331,Ladder 49,['Movie']
1332,Lady in the Water,['Movie']
1333,Ladyhawke,['Movie']
1334,Lake Placid,['Movie']
1335,Lakeview Terrace,['Movie']
1336,Land of the Dead,['Movie']
1337,Land of the Lost,['Movie']
1338,Lara Croft Tomb Raider: The Cradle of Life,['Movie']
1339,Lara Croft: Tomb Raider,['Movie']
1340,Larry Crowne,['Movie']
1341,Lars and the Real Girl,['Movie']
1342,Last Action Hero,['Movie']
1343,Last Holiday,['Movie']
1344,Last Vegas,['Movie']
1345,Latter Days,['Movie']
1346,Law Abiding Citizen,['Movie']
1347,Lawrence of Arabia,['Movie']
1348,Laws of Attraction,['Movie']
1349,Layer Cake,['Movie']
1350,Leap Year,['Movie']
1351,Leatherheads,['Movie']
1352,Leaving Las Vegas,['Movie']
1353,Left Behind,['Movie']
1354,Legally Blonde,['Movie']
1355,"Legally Blonde 2: Red, White & Blonde",['Movie']
1356,Legend,['Movie']
1357,Legend of a Rabbit,['Movie']
1358,Legend of the Guardians: The Owls of Ga'Hoole,['Movie']
1359,Legends of Oz: Dorothy's Return,['Movie']
1360,Legends of the Fall,['Movie']
1361,Legion,['Movie']
1362,Les Misérables,['Movie']
1363,Let Me In,['Movie']
1364,Let's Be Cops,['Movie']
1365,Let's Go to Prison,['Movie']
1366,Lethal Weapon 3,['Movie']
1367,Lethal Weapon 4,['Movie']
1368,Letters from Iwo Jima,['Movie']
1369,Liar Liar,['Movie']
1370,Licence to Kill,['Movie']
1371,License to Wed,['Movie']
1372,Life During Wartime,['Movie']
1373,Life of Pi,['Movie']
1374,Life or Something Like It,['Movie']
1375,Lights Out,['Movie']
1376,Like Crazy,['Movie']
1377,Lilo & Stitch,['Movie']
1378,Limbo,['Movie']
1379,Lincoln,['Movie']
1380,Lions for Lambs,['Movie']
1381,Little Black Book,['Movie']
1382,Little Boy,['Movie']
1383,Little Children,['Movie']
1384,Little Fockers,['Movie']
1385,Little Man,['Movie']
1386,Little Miss Sunshine,['Movie']
1387,Little Shop of Horrors,['Movie']
1388,Little White Lies,['Movie']
1389,Live Free or Die Hard,['Movie']
1390,Live and Let Die,['Movie']
1391,Living Out Loud,['Movie']
1392,"Lock, Stock and Two Smoking Barrels",['Movie']
1393,Lockout,['Movie']
1394,Logan's Run,['Movie']
1395,Lolita,['Movie']
1396,London Has Fallen,['Movie']
1397,Lone Star,['Movie']
1398,Lone Survivor,['Movie']
1399,Lone Wolf McQuade,['Movie']
1400,Looney Tunes: Back in Action,['Movie']
1401,Looper,['Movie']
1402,Loose Cannons,['Movie']
1403,Lord of War,['Movie']
1404,Lords of Dogtown,['Movie']
1405,Losin' It,['Movie']
1406,Lost in Space,['Movie']
1407,Lost in Translation,['Movie']
1408,Love & Basketball,['Movie']
1409,Love & Other Drugs,['Movie']
1410,Love Actually,['Movie']
1411,Love Happens,['Movie']
1412,Love Me Tender,['Movie']
1413,Love in the Time of Cholera,['Movie']
1414,Love the Coopers,['Movie']
1415,Lovely & Amazing,['Movie']
1416,Lucky Number Slevin,['Movie']
1417,Lucy,['Movie']
1418,MacGruber,['Movie']
1419,Machete,['Movie']
1420,Machete Kills,['Movie']
1421,Machine Gun Preacher,['Movie']
1422,Mad City,['Movie']
1423,Mad Max,['Movie']
1424,Mad Max 2: The Road Warrior,['Movie']
1425,Mad Max Beyond Thunderdome,['Movie']
1426,Mad Max: Fury Road,['Movie']
1427,Madagascar,['Movie']
1428,Madagascar 3: Europe's Most Wanted,['Movie']
1429,Madagascar: Escape 2 Africa,['Movie']
1430,Made,['Movie']
1431,Made of Honor,['Movie']
1432,Madea's Family Reunion,['Movie']
1433,Maggie,['Movie']
1434,Magic Mike,['Movie']
1435,Magic Mike XXL,['Movie']
1436,Magnolia,['Movie']
1437,Maid in Manhattan,['Movie']
1438,Major Dundee,['Movie']
1439,Major League,['Movie']
1440,Malcolm X,['Movie']
1441,Maleficent,['Movie']
1442,Mallrats,['Movie']
1443,Mama,['Movie']
1444,Mambo Italiano,['Movie']
1445,Mamma Mia!,['Movie']
1446,Man of Steel,['Movie']
1447,Man of the Year,['Movie']
1448,Man on Fire,['Movie']
1449,Man on a Ledge,['Movie']
1450,Man on the Moon,['Movie']
1451,Mandela: Long Walk to Freedom,['Movie']
1452,Manderlay,['Movie']
1453,Maniac,['Movie']
1454,Mao's Last Dancer,['Movie']
1455,March of the Penguins,['Movie']
1456,Marci X,['Movie']
1457,Margaret,['Movie']
1458,Margin Call,['Movie']
1459,Marie Antoinette,['Movie']
1460,Marley & Me,['Movie']
1461,Marmaduke,['Movie']
1462,Mars Attacks!,['Movie']
1463,Mars Needs Moms,['Movie']
1464,Martin Lawrence Live: Runteldat,['Movie']
1465,Mary Poppins,['Movie']
1466,Mary Reilly,['Movie']
1467,Master and Commander: The Far Side of the World,['Movie']
1468,Match Point,['Movie']
1469,Max,['Movie']
1470,Max Keeble's Big Move,['Movie']
1471,Max Payne,['Movie']
1472,Maximum Risk,['Movie']
1473,May,['Movie']
1474,Maze Runner: The Scorch Trials,['Movie']
1475,Me Before You,['Movie']
1476,Me and Orson Welles,['Movie']
1477,"Me, Myself & Irene",['Movie']
1478,Mean Creek,['Movie']
1479,Mean Girls,['Movie']
1480,Mean Streets,['Movie']
1481,Meet Dave,['Movie']
1482,Meet Joe Black,['Movie']
1483,Meet the Deedles,['Movie']
1484,Meet the Fockers,['Movie']
1485,Meet the Parents,['Movie']
1486,Meet the Spartans,['Movie']
1487,Megamind,['Movie']
1488,Melancholia,['Movie']
1489,Memento,['Movie']
1490,Memoirs of a Geisha,['Movie']
1491,Memoirs of an Invisible Man,['Movie']
1492,Men in Black,['Movie']
1493,Men in Black 3,['Movie']
1494,Men in Black II,['Movie']
1495,Men of Honor,['Movie']
1496,Men with Brooms,['Movie']
1497,Menace II Society,['Movie']
1498,Message in a Bottle,['Movie']
1499,Metallica: Through the Never,['Movie']
1500,Metropolis,['Movie']
1501,Michael Clayton,['Movie']
1502,Michael Collins,['Movie']
1503,Micmacs,['Movie']
1504,Midnight Cowboy,['Movie']
1505,Midnight Run,['Movie']
1506,Midnight Special,['Movie']
1507,Midnight in Paris,['Movie']
1508,Midnight in the Garden of Good and Evil,['Movie']
1509,Milk,['Movie']
1510,Million Dollar Arm,['Movie']
1511,Million Dollar Baby,['Movie']
1512,Mindhunters,['Movie']
1513,Minions,['Movie']
1514,Minority Report,['Movie']
1515,Miracle,['Movie']
1516,Miracle at St. Anna,['Movie']
1517,Miracles from Heaven,['Movie']
1518,Mirror Mirror,['Movie']
1519,Mirrormask,['Movie']
1520,Mirrors,['Movie']
1521,Miss Congeniality,['Movie']
1522,Miss Julie,['Movie']
1523,Miss Potter,['Movie']
1524,Mission to Mars,['Movie']
1525,Mission: Impossible,['Movie']
1526,Mission: Impossible - Ghost Protocol,['Movie']
1527,Mission: Impossible - Rogue Nation,['Movie']
1528,Mission: Impossible II,['Movie']
1529,Mission: Impossible III,['Movie']
1530,Mo' Better Blues,['Movie']
1531,Moby Dick,['Movie']
1532,Modern Times,['Movie']
1533,Moms' Night Out,['Movie']
1534,Mondays in the Sun,['Movie']
1535,Money Monster,['Movie']
1536,Money Train,['Movie']
1537,Moneyball,['Movie']
1538,Mongol: The Rise of Genghis Khan,['Movie']
1539,Monkeybone,['Movie']
1540,Monster,['Movie']
1541,Monster House,['Movie']
1542,Monster's Ball,['Movie']
1543,Monster-in-Law,['Movie']
1544,Monsters,['Movie']
1545,Monsters University,['Movie']
1546,Monsters vs Aliens,['Movie']
1547,"Monsters, Inc.",['Movie']
1548,Monte Carlo,['Movie']
1549,Monty Python and the Holy Grail,['Movie']
1550,Moon,['Movie']
1551,Moonlight Mile,['Movie']
1552,Moonraker,['Movie']
1553,Moonrise Kingdom,['Movie']
1554,Morning Glory,['Movie']
1555,Mortal Kombat,['Movie']
1556,Mortal Kombat: Annihilation,['Movie']
1557,Mortdecai,['Movie']
1558,Moulin Rouge!,['Movie']
1559,Movie 43,['Movie']
1560,Mr. & Mrs. Smith,['Movie']
1561,Mr. 3000,['Movie']
1562,Mr. Bean's Holiday,['Movie']
1563,Mr. Deeds,['Movie']
1564,Mr. Nice Guy,['Movie']
1565,Mr. Peabody & Sherman,['Movie']
1566,Mr. Popper's Penguins,['Movie']
1567,Mr. Smith Goes to Washington,['Movie']
1568,Mrs. Doubtfire,['Movie']
1569,Mrs. Winterbourne,['Movie']
1570,Mud,['Movie']
1571,Mulan,['Movie']
1572,Mulholland Drive,['Movie']
1573,Munich,['Movie']
1574,Muppets Most Wanted,['Movie']
1575,Muppets from Space,['Movie']
1576,Murder by Numbers,['Movie']
1577,Murderball,['Movie']
1578,Music and Lyrics,['Movie']
1579,Must Love Dogs,['Movie']
1580,My Beautiful Laundrette,['Movie']
1581,My Best Friend's Girl,['Movie']
1582,My Best Friend's Wedding,['Movie']
1583,My Big Fat Greek Wedding,['Movie']
1584,My Big Fat Greek Wedding 2,['Movie']
1585,My Bloody Valentine,['Movie']
1586,My Blueberry Nights,['Movie']
1587,My Cousin Vinny,['Movie']
1588,My Fair Lady,['Movie']
1589,My Favorite Martian,['Movie']
1590,My Life in Ruins,['Movie']
1591,My Name Is Bruce,['Movie']
1592,My Name Is Khan,['Movie']
1593,My Sister's Keeper,['Movie']
1594,My Soul to Take,['Movie']
1595,My Stepmother is an Alien,['Movie']
1596,My Week with Marilyn,['Movie']
1597,Mystery Men,['Movie']
1598,"Mystery, Alaska",['Movie']
1599,Mystic River,['Movie']
1600,Nacho Libre,['Movie']
1601,Nanny McPhee,['Movie']
1602,Nanny McPhee and the Big Bang,['Movie']
1603,Napoleon Dynamite,['Movie']
1604,Narc,['Movie']
1605,National Lampoon's Vacation,['Movie']
1606,National Lampoon’s Van Wilder,['Movie']
1607,National Treasure,['Movie']
1608,Nebraska,['Movie']
1609,Need for Speed,['Movie']
1610,Neighbors,['Movie']
1611,Neighbors 2: Sorority Rising,['Movie']
1612,Nerve,['Movie']
1613,Network,['Movie']
1614,Never Back Down,['Movie']
1615,Never Let Me Go,['Movie']
1616,Never Say Never Again,['Movie']
1617,New Nightmare,['Movie']
1618,New Year's Eve,['Movie']
1619,New in Town,['Movie']
1620,Next Friday,['Movie']
1621,Niagara,['Movie']
1622,Nick and Norah's Infinite Playlist,['Movie']
1623,Night Watch,['Movie']
1624,Night at the Museum,['Movie']
1625,Night at the Museum: Battle of the Smithsonian,['Movie']
1626,Night at the Museum: Secret of the Tomb,['Movie']
1627,Night of the Living Dead,['Movie']
1628,Nightcrawler,['Movie']
1629,Nighthawks,['Movie']
1630,Nim's Island,['Movie']
1631,Nine,['Movie']
1632,Nine 1/2 Weeks,['Movie']
1633,Ninja Assassin,['Movie']
1634,Nixon,['Movie']
1635,No Country for Old Men,['Movie']
1636,No End in Sight,['Movie']
1637,No Escape,['Movie']
1638,No Good Deed,['Movie']
1639,No Reservations,['Movie']
1640,No Strings Attached,['Movie']
1641,Noah,['Movie']
1642,Non-Stop,['Movie']
1643,North Country,['Movie']
1644,Not Another Teen Movie,['Movie']
1645,Notes on a Scandal,['Movie']
1646,Notting Hill,['Movie']
1647,Novocaine,['Movie']
1648,Now You See Me,['Movie']
1649,Now You See Me 2,['Movie']
1650,Nurse 3-D,['Movie']
1651,Nutty Professor II: The Klumps,['Movie']
1652,"O Brother, Where Art Thou?",['Movie']
1653,Oblivion,['Movie']
1654,Ocean's Eleven,['Movie']
1655,Ocean's Thirteen,['Movie']
1656,Ocean's Twelve,['Movie']
1657,Octopussy,['Movie']
1658,Oculus,['Movie']
1659,Of Gods and Men,['Movie']
1660,Of Horses and Men,['Movie']
1661,Office Space,['Movie']
1662,Old Dogs,['Movie']
1663,Old School,['Movie']
1664,Oldboy,['Movie']
1665,Oliver Twist,['Movie']
1666,Oliver!,['Movie']
1667,Olympus Has Fallen,['Movie']
1668,On Deadly Ground,['Movie']
1669,On Her Majesty's Secret Service,['Movie']
1670,On the Road,['Movie']
1671,On the Waterfront,['Movie']
1672,Once,['Movie']
1673,Once Upon a Time in Mexico,['Movie']
1674,Once Upon a Time in the West,['Movie']
1675,Ondine,['Movie']
1676,One Day,['Movie']
1677,One Flew Over the Cuckoo's Nest,['Movie']
1678,One Hour Photo,['Movie']
1679,One Night with the King,['Movie']
1680,One for the Money,['Movie']
1681,Ong Bak 2,['Movie']
1682,Only God Forgives,['Movie']
1683,Only the Strong,['Movie']
1684,Opal Dream,['Movie']
1685,Open Range,['Movie']
1686,Open Season,['Movie']
1687,Open Water,['Movie']
1688,Original Sin,['Movie']
1689,Orphan,['Movie']
1690,Osmosis Jones,['Movie']
1691,Ouija,['Movie']
1692,Our Brand Is Crisis,['Movie']
1693,Our Family Wedding,['Movie']
1694,Our Idiot Brother,['Movie']
1695,Out Cold,['Movie']
1696,Out of Africa,['Movie']
1697,Out of Sight,['Movie']
1698,Out of Time,['Movie']
1699,Out of the Furnace,['Movie']
1700,Outbreak,['Movie']
1701,Outside Providence,['Movie']
1702,Over the Hedge,['Movie']
1703,Oz: The Great and Powerful,['Movie']
1704,P.S. I Love You,['Movie']
1705,PCU,['Movie']
1706,Pacific Rim,['Movie']
1707,Paddington,['Movie']
1708,Pain & Gain,['Movie']
1709,Paint Your Wagon,['Movie']
1710,Pan,['Movie']
1711,Pan's Labyrinth,['Movie']
1712,Pandorum,['Movie']
1713,Panic Room,['Movie']
1714,Paparazzi,['Movie']
1715,Paper Towns,['Movie']
1716,ParaNorman,['Movie']
1717,Paranormal Activity,['Movie']
1718,Paranormal Activity 2,['Movie']
1719,Paranormal Activity 3,['Movie']
1720,Paranormal Activity 4,['Movie']
1721,Paranormal Activity: The Marked Ones,['Movie']
1722,Parental Guidance,['Movie']
1723,"Paris, je t'aime",['Movie']
1724,Parker,['Movie']
1725,Party Monster,['Movie']
1726,Pat Garrett & Billy the Kid,['Movie']
1727,Patch Adams,['Movie']
1728,Patriot Games,['Movie']
1729,Patton,['Movie']
1730,Paul,['Movie']
1731,Paul Blart: Mall Cop,['Movie']
1732,Paul Blart: Mall Cop 2,['Movie']
1733,Pay It Forward,['Movie']
1734,Payback,['Movie']
1735,Paycheck,['Movie']
1736,Pearl Harbor,['Movie']
1737,Peggy Sue Got Married,['Movie']
1738,Penguins of Madagascar,['Movie']
1739,Percy Jackson & the Olympians: The Lightning Thief,['Movie']
1740,Percy Jackson: Sea of Monsters,['Movie']
1741,Perfume: The Story of a Murderer,['Movie']
1742,Pet Sematary,['Movie']
1743,Pete's Dragon,['Movie']
1744,Phantasm II,['Movie']
1745,Phenomenon,['Movie']
1746,Philadelphia,['Movie']
1747,Philomena,['Movie']
1748,Phone Booth,['Movie']
1749,Pi,['Movie']
1750,Pineapple Express,['Movie']
1751,Pink Flamingos,['Movie']
1752,"Pink Ribbons, Inc.",['Movie']
1753,Pinocchio,['Movie']
1754,Piranha 3D,['Movie']
1755,Pirates of the Caribbean: At World's End,['Movie']
1756,Pirates of the Caribbean: Dead Man's Chest,['Movie']
1757,Pirates of the Caribbean: On Stranger Tides,['Movie']
1758,Pirates of the Caribbean: The Curse of the Black Pearl,['Movie']
1759,Pitch Black,['Movie']
1760,Pitch Perfect,['Movie']
1761,Pitch Perfect 2,['Movie']
1762,Pixels,['Movie']
1763,Planet 51,['Movie']
1764,Planet of the Apes,['Movie']
1765,Platoon,['Movie']
1766,Play It to the Bone,['Movie']
1767,Pocahontas,['Movie']
1768,Pocketful of Miracles,['Movie']
1769,Poetic Justice,['Movie']
1770,Point Blank,['Movie']
1771,Point Break,['Movie']
1772,Pokémon: Spell of the Unknown,['Movie']
1773,Police Academy,['Movie']
1774,Poltergeist,['Movie']
1775,Poltergeist III,['Movie']
1776,Pompeii,['Movie']
1777,Pontypool,['Movie']
1778,Ponyo,['Movie']
1779,Porky's,['Movie']
1780,Poseidon,['Movie']
1781,Post Grad,['Movie']
1782,Practical Magic,['Movie']
1783,Precious,['Movie']
1784,Predator,['Movie']
1785,Predator 2,['Movie']
1786,Predators,['Movie']
1787,Prefontaine,['Movie']
1788,Premium Rush,['Movie']
1789,Premonition,['Movie']
1790,Pretty Woman,['Movie']
1791,Pride & Prejudice,['Movie']
1792,Pride and Glory,['Movie']
1793,Pride and Prejudice and Zombies,['Movie']
1794,Priest,['Movie']
1795,Primer,['Movie']
1796,Prince of Persia: The Sands of Time,['Movie']
1797,Princess Kaiulani,['Movie']
1798,Princess Mononoke,['Movie']
1799,Prison,['Movie']
1800,Prisoners,['Movie']
1801,Project Almanac,['Movie']
1802,Project X,['Movie']
1803,Prom,['Movie']
1804,Prometheus,['Movie']
1805,Promised Land,['Movie']
1806,Prophecy,['Movie']
1807,Psycho,['Movie']
1808,Public Enemies,['Movie']
1809,Pulp Fiction,['Movie']
1810,Pulse,['Movie']
1811,Punch-Drunk Love,['Movie']
1812,Punisher: War Zone,['Movie']
1813,Puss in Boots,['Movie']
1814,Quantum of Solace,['Movie']
1815,Quarantine,['Movie']
1816,Quartet,['Movie']
1817,Queen of the Damned,['Movie']
1818,Quest for Camelot,['Movie']
1819,Quest for Fire,['Movie']
1820,Quills,['Movie']
1821,Quo Vadis,['Movie']
1822,R.I.P.D.,['Movie']
1823,RED,['Movie']
1824,Rabbit Hole,['Movie']
1825,Race,['Movie']
1826,Race to Witch Mountain,['Movie']
1827,Racing Stripes,['Movie']
1828,Radio,['Movie']
1829,Radio Flyer,['Movie']
1830,Raging Bull,['Movie']
1831,Raiders of the Lost Ark,['Movie']
1832,Rain Man,['Movie']
1833,Raise Your Voice,['Movie']
1834,Raising Cain,['Movie']
1835,Raising Helen,['Movie']
1836,Raising Victor Vargas,['Movie']
1837,Rambo III,['Movie']
1838,Rambo: First Blood Part II,['Movie']
1839,Random Hearts,['Movie']
1840,Rang De Basanti,['Movie']
1841,Rango,['Movie']
1842,Ransom,['Movie']
1843,Rapa Nui,['Movie']
1844,Rat Race,['Movie']
1845,Ratatouille,['Movie']
1846,Ray,['Movie']
1847,Ready to Rumble,['Movie']
1848,Real Steel,['Movie']
1849,Rebecca,['Movie']
1850,Recess: School's Out,['Movie']
1851,Red Cliff,['Movie']
1852,Red Dawn,['Movie']
1853,Red Dragon,['Movie']
1854,Red Eye,['Movie']
1855,Red Lights,['Movie']
1856,Red Planet,['Movie']
1857,Red Riding Hood,['Movie']
1858,Red River,['Movie']
1859,Red Sonja,['Movie']
1860,Red State,['Movie']
1861,Red Tails,['Movie']
1862,Redacted,['Movie']
1863,Reds,['Movie']
1864,Reign Over Me,['Movie']
1865,Reign of Fire,['Movie']
1866,Reindeer Games,['Movie']
1867,Remember the Titans,['Movie']
1868,Renaissance,['Movie']
1869,Renaissance Man,['Movie']
1870,Rendition,['Movie']
1871,Reno 911!: Miami,['Movie']
1872,Rent,['Movie']
1873,Repo Man,['Movie']
1874,Repo Men,['Movie']
1875,Requiem for a Dream,['Movie']
1876,Rescue Dawn,['Movie']
1877,Reservoir Dogs,['Movie']
1878,Resident Evil,['Movie']
1879,Resident Evil: Afterlife,['Movie']
1880,Resident Evil: Apocalypse,['Movie']
1881,Resident Evil: Extinction,['Movie']
1882,Resident Evil: Retribution,['Movie']
1883,Return of the Jedi,['Movie']
1884,Return of the Living Dead 3,['Movie']
1885,Return to Me,['Movie']
1886,Return to Never Land,['Movie']
1887,Return to Oz,['Movie']
1888,Return to the Blue Lagoon,['Movie']
1889,Revolutionary Road,['Movie']
1890,Riddick,['Movie']
1891,Ride Along,['Movie']
1892,Ride Along 2,['Movie']
1893,Ride with the Devil,['Movie']
1894,Riding Giants,['Movie']
1895,Riding in Cars with Boys,['Movie']
1896,Righteous Kill,['Movie']
1897,Rio,['Movie']
1898,Rio 2,['Movie']
1899,Rise of the Guardians,['Movie']
1900,Rise of the Planet of the Apes,['Movie']
1901,Risen,['Movie']
1902,Road House,['Movie']
1903,Road Trip,['Movie']
1904,Road to Perdition,['Movie']
1905,Roar,['Movie']
1906,Rob Roy,['Movie']
1907,Robin Hood,['Movie']
1908,Robin Hood: Prince of Thieves,['Movie']
1909,RoboCop,['Movie']
1910,RoboCop 3,['Movie']
1911,Robot & Frank,['Movie']
1912,Robots,['Movie']
1913,Rock Star,['Movie']
1914,Rock of Ages,['Movie']
1915,RockNRolla,['Movie']
1916,Rocky,['Movie']
1917,Rocky Balboa,['Movie']
1918,Roger & Me,['Movie']
1919,Role Models,['Movie']
1920,Romeo + Juliet,['Movie']
1921,Romeo Is Bleeding,['Movie']
1922,Romeo Must Die,['Movie']
1923,Ronin,['Movie']
1924,Room,['Movie']
1925,Rosemary's Baby,['Movie']
1926,Rounders,['Movie']
1927,Rubber,['Movie']
1928,Ruby in Paradise,['Movie']
1929,Rugrats in Paris: The Movie,['Movie']
1930,Rumble in the Bronx,['Movie']
1931,Run All Night,['Movie']
1932,Run Lola Run,['Movie']
1933,"Run, Fatboy, Run",['Movie']
1934,Runaway Bride,['Movie']
1935,Runner Runner,['Movie']
1936,Running Scared,['Movie']
1937,Running with Scissors,['Movie']
1938,Rush,['Movie']
1939,Rush Hour 2,['Movie']
1940,Rush Hour 3,['Movie']
1941,Rushmore,['Movie']
1942,S.W.A.T.,['Movie']
1943,Sabotage,['Movie']
1944,Safe,['Movie']
1945,Safe Haven,['Movie']
1946,Safe House,['Movie']
1947,Safety Not Guaranteed,['Movie']
1948,Sahara,['Movie']
1949,Saint John of Las Vegas,['Movie']
1950,Salt,['Movie']
1951,Salton Sea,['Movie']
1952,San Andreas,['Movie']
1953,Sanctum,['Movie']
1954,Sands of Iwo Jima,['Movie']
1955,Sarah's Key,['Movie']
1956,Sausage Party,['Movie']
1957,Savages,['Movie']
1958,Save the Last Dance,['Movie']
1959,Saving Mr. Banks,['Movie']
1960,Saving Private Ryan,['Movie']
1961,Saving Silverman,['Movie']
1962,Saw,['Movie']
1963,Saw II,['Movie']
1964,Saw III,['Movie']
1965,Saw IV,['Movie']
1966,Saw V,['Movie']
1967,Saw VI,['Movie']
1968,Saw: The Final Chapter,['Movie']
1969,Scarface,['Movie']
1970,Scary Movie 2,['Movie']
1971,Scary Movie 3,['Movie']
1972,Scary Movie 4,['Movie']
1973,Scary Movie 5,['Movie']
1974,Schindler's List,['Movie']
1975,School for Scoundrels,['Movie']
1976,School of Rock,['Movie']
1977,Scooby-Doo,['Movie']
1978,Scoop,['Movie']
1979,Scott Pilgrim vs. the World,['Movie']
1980,Scream,['Movie']
1981,Scream 2,['Movie']
1982,Scream 3,['Movie']
1983,Scream 4,['Movie']
1984,Se7en,['Movie']
1985,Sea Rex 3D: Journey to a Prehistoric World,['Movie']
1986,Sea of Love,['Movie']
1987,Seabiscuit,['Movie']
1988,Secret Window,['Movie']
1989,Secret in Their Eyes,['Movie']
1990,Secretariat,['Movie']
1991,Secretary,['Movie']
1992,Seed of Chucky,['Movie']
1993,Seeking a Friend for the End of the World,['Movie']
1994,Selena,['Movie']
1995,Self/less,['Movie']
1996,Selma,['Movie']
1997,Sense and Sensibility,['Movie']
1998,Serendipity,['Movie']
1999,Serenity,['Movie']
2000,Serial Mom,['Movie']
2001,Serving Sara,['Movie']
2002,Session 9,['Movie']
2003,Set It Off,['Movie']
2004,Seven Pounds,['Movie']
2005,Seven Psychopaths,['Movie']
2006,Seven Samurai,['Movie']
2007,Seven Years in Tibet,['Movie']
2008,Seventh Son,['Movie']
2009,Sex Drive,['Movie']
2010,Sex Tape,['Movie']
2011,Sex and the City 2,['Movie']
2012,Shadow Conspiracy,['Movie']
2013,Shadow of the Vampire,['Movie']
2014,Shaft,['Movie']
2015,Shakespeare in Love,['Movie']
2016,Shalako,['Movie']
2017,Shall We Dance?,['Movie']
2018,Shallow Hal,['Movie']
2019,Shame,['Movie']
2020,Shanghai Knights,['Movie']
2021,Shanghai Noon,['Movie']
2022,Shark Night,['Movie']
2023,Shark Tale,['Movie']
2024,Shattered Glass,['Movie']
2025,Shaun of the Dead,['Movie']
2026,She Done Him Wrong,['Movie']
2027,She Wore a Yellow Ribbon,['Movie']
2028,She's All That,['Movie']
2029,She's Out of My League,['Movie']
2030,She's the Man,['Movie']
2031,She's the One,['Movie']
2032,Sheena,['Movie']
2033,Sherlock Holmes,['Movie']
2034,Sherlock Holmes: A Game of Shadows,['Movie']
2035,Sherrybaby,['Movie']
2036,Shin Godzilla,['Movie']
2037,Sholem Aleichem: Laughing In The Darkness,['Movie']
2038,Shooter,['Movie']
2039,Shooting Fish,['Movie']
2040,Shopgirl,['Movie']
2041,Shortbus,['Movie']
2042,Shorts,['Movie']
2043,Show Boat,['Movie']
2044,Showdown in Little Tokyo,['Movie']
2045,Showgirls,['Movie']
2046,Shrek,['Movie']
2047,Shrek 2,['Movie']
2048,Shrek Forever After,['Movie']
2049,Shrek the Third,['Movie']
2050,Shutter Island,['Movie']
2051,Sicario,['Movie']
2052,Sicko,['Movie']
2053,Side Effects,['Movie']
2054,Sideways,['Movie']
2055,Signs,['Movie']
2056,Silent Hill,['Movie']
2057,Silent Hill: Revelation 3D,['Movie']
2058,Silent House,['Movie']
2059,Silent Trigger,['Movie']
2060,Silver Linings Playbook,['Movie']
2061,Simon Birch,['Movie']
2062,Simply Irresistible,['Movie']
2063,Sin City,['Movie']
2064,Sin City: A Dame to Kill For,['Movie']
2065,Sinbad: Legend of the Seven Seas,['Movie']
2066,Singin' in the Rain,['Movie']
2067,Sinister,['Movie']
2068,Sinister 2,['Movie']
2069,Six Days Seven Nights,['Movie']
2070,Six-String Samurai,['Movie']
2071,Sky Captain and the World of Tomorrow,['Movie']
2072,Sky High,['Movie']
2073,Skyfall,['Movie']
2074,Skyline,['Movie']
2075,Slackers,['Movie']
2076,Sleep Dealer,['Movie']
2077,Sleeper,['Movie']
2078,Sleepers,['Movie']
2079,Sliding Doors,['Movie']
2080,Sling Blade,['Movie']
2081,Slow Burn,['Movie']
2082,Slumdog Millionaire,['Movie']
2083,Small Soldiers,['Movie']
2084,Smokin' Aces,['Movie']
2085,Snake Eyes,['Movie']
2086,Snakes on a Plane,['Movie']
2087,Snatch,['Movie']
2088,Snitch,['Movie']
2089,Snow Flower and the Secret Fan,['Movie']
2090,Snow White and the Huntsman,['Movie']
2091,Snow White and the Seven Dwarfs,['Movie']
2092,Snowpiercer,['Movie']
2093,Soldier,['Movie']
2094,Solitary Man,['Movie']
2095,Solomon and Sheba,['Movie']
2096,Some Like It Hot,['Movie']
2097,Something Borrowed,['Movie']
2098,Something's Gotta Give,['Movie']
2099,Son of God,['Movie']
2100,Song One,['Movie']
2101,Sorcerer,['Movie']
2102,Sorority Row,['Movie']
2103,Soul Kitchen,['Movie']
2104,Soul Plane,['Movie']
2105,Soul Surfer,['Movie']
2106,Source Code,['Movie']
2107,Southland Tales,['Movie']
2108,Southpaw,['Movie']
2109,Space Battleship Yamato,['Movie']
2110,Space Chimps,['Movie']
2111,Space Cowboys,['Movie']
2112,Space Dogs,['Movie']
2113,Space Jam,['Movie']
2114,Space Pirate Captain Harlock,['Movie']
2115,Spaceballs,['Movie']
2116,Spaced Invaders,['Movie']
2117,Spanglish,['Movie']
2118,Sparkle,['Movie']
2119,Spawn,['Movie']
2120,Special,['Movie']
2121,Species,['Movie']
2122,Spectre,['Movie']
2123,Speed,['Movie']
2124,Speed 2: Cruise Control,['Movie']
2125,Speed Racer,['Movie']
2126,Spellbound,['Movie']
2127,Sphere,['Movie']
2128,Sphinx,['Movie']
2129,Spice World,['Movie']
2130,Spider-Man,['Movie']
2131,Spider-Man 2,['Movie']
2132,Spider-Man 3,['Movie']
2133,Spirit: Stallion of the Cimarron,['Movie']
2134,Spirited Away,['Movie']
2135,Splash,['Movie']
2136,Split Second,['Movie']
2137,Spotlight,['Movie']
2138,Spring Breakers,['Movie']
2139,Spy Game,['Movie']
2140,Spy Kids,['Movie']
2141,Spy Kids 2: The Island of Lost Dreams,['Movie']
2142,Spy Kids 3-D: Game Over,['Movie']
2143,Spy Kids: All the Time in the World,['Movie']
2144,St. Vincent,['Movie']
2145,Stake Land,['Movie']
2146,Stand by Me,['Movie']
2147,Star Trek,['Movie']
2148,Star Trek Beyond,['Movie']
2149,Star Trek II: The Wrath of Khan,['Movie']
2150,Star Trek III: The Search for Spock,['Movie']
2151,Star Trek IV: The Voyage Home,['Movie']
2152,Star Trek Into Darkness,['Movie']
2153,Star Trek V: The Final Frontier,['Movie']
2154,Star Trek VI: The Undiscovered Country,['Movie']
2155,Star Trek: First Contact,['Movie']
2156,Star Trek: Generations,['Movie']
2157,Star Trek: Insurrection,['Movie']
2158,Star Trek: Nemesis,['Movie']
2159,Star Trek: The Motion Picture,['Movie']
2160,Star Wars,['Movie']
2161,Star Wars: Episode I - The Phantom Menace,['Movie']
2162,Star Wars: Episode II - Attack of the Clones,['Movie']
2163,Star Wars: Episode III - Revenge of the Sith,['Movie']
2164,Stardust,['Movie']
2165,Stargate: The Ark of Truth,['Movie']
2166,Starship Troopers,['Movie']
2167,Starsky & Hutch,['Movie']
2168,State of Play,['Movie']
2169,Stay Alive,['Movie']
2170,Stealth,['Movie']
2171,Steel,['Movie']
2172,Step Brothers,['Movie']
2173,Step Up,['Movie']
2174,Step Up 2: The Streets,['Movie']
2175,Step Up 3D,['Movie']
2176,Step Up Revolution,['Movie']
2177,Steve Jobs,['Movie']
2178,Stigmata,['Movie']
2179,Still Alice,['Movie']
2180,Stir of Echoes,['Movie']
2181,Stitches,['Movie']
2182,Stoker,['Movie']
2183,Stolen,['Movie']
2184,Stomp the Yard,['Movie']
2185,Stone,['Movie']
2186,Stonewall,['Movie']
2187,Stop-Loss,['Movie']
2188,Stormbreaker,['Movie']
2189,Straight Outta Compton,['Movie']
2190,Stranger Than Fiction,['Movie']
2191,Strangerland,['Movie']
2192,Straw Dogs,['Movie']
2193,Street Fighter,['Movie']
2194,Street Fighter: The Legend of Chun-Li,['Movie']
2195,Street Kings,['Movie']
2196,Stripes,['Movie']
2197,Striptease,['Movie']
2198,Stuart Little,['Movie']
2199,Stuart Little 2,['Movie']
2200,Stuck on You,['Movie']
2201,Subway,['Movie']
2202,Sucker Punch,['Movie']
2203,Suicide Squad,['Movie']
2204,Summer Catch,['Movie']
2205,Sunshine,['Movie']
2206,Sunshine Cleaning,['Movie']
2207,Super,['Movie']
2208,Super 8,['Movie']
2209,Super Mario Bros.,['Movie']
2210,Super Size Me,['Movie']
2211,Super Troopers,['Movie']
2212,Superbad,['Movie']
2213,Superhero Movie,['Movie']
2214,Superman,['Movie']
2215,Superman II,['Movie']
2216,Superman III,['Movie']
2217,Superman IV: The Quest for Peace,['Movie']
2218,Superman Returns,['Movie']
2219,Supernova,['Movie']
2220,Surf's Up,['Movie']
2221,"Surfer, Dude",['Movie']
2222,Surrogates,['Movie']
2223,Suspect Zero,['Movie']
2224,Sweet Charity,['Movie']
2225,Sweet Home Alabama,['Movie']
2226,Sweet November,['Movie']
2227,Sweet Sweetback's Baadasssss Song,['Movie']
2228,Swept Away,['Movie']
2229,Swimfan,['Movie']
2230,Swimming Pool,['Movie']
2231,Swing Vote,['Movie']
2232,Swingers,['Movie']
2233,Switchback,['Movie']
2234,Swordfish,['Movie']
2235,Sydney White,['Movie']
2236,Syriana,['Movie']
2237,TMNT,['Movie']
2238,TRON: Legacy,['Movie']
2239,Tadpole,['Movie']
2240,Take Me Home Tonight,['Movie']
2241,Take Shelter,['Movie']
2242,Take the Lead,['Movie']
2243,Taken,['Movie']
2244,Taken 2,['Movie']
2245,Taken 3,['Movie']
2246,Takers,['Movie']
2247,Tales from the Hood,['Movie']
2248,Talk Radio,['Movie']
2249,Talladega Nights: The Ballad of Ricky Bobby,['Movie']
2250,Tammy,['Movie']
2251,Tangled,['Movie']
2252,Tango & Cash,['Movie']
2253,Tank Girl,['Movie']
2254,Tarnation,['Movie']
2255,Taxi Driver,['Movie']
2256,Taxi to the Dark Side,['Movie']
2257,Tea with Mussolini,['Movie']
2258,Team America: World Police,['Movie']
2259,Tears of the Sun,['Movie']
2260,Ted,['Movie']
2261,Ted 2,['Movie']
2262,Teenage Mutant Ninja Turtles,['Movie']
2263,Teenage Mutant Ninja Turtles II: The Secret of the Ooze,['Movie']
2264,Teenage Mutant Ninja Turtles III,['Movie']
2265,Teenage Mutant Ninja Turtles: Out of the Shadows,['Movie']
2266,Terminator 2: Judgment Day,['Movie']
2267,Terminator 3: Rise of the Machines,['Movie']
2268,Terminator Genisys,['Movie']
2269,Terminator Salvation,['Movie']
2270,Texas Chainsaw 3D,['Movie']
2271,Thank You for Smoking,['Movie']
2272,That Awkward Moment,['Movie']
2273,That's My Boy,['Movie']
2274,The 13th Warrior,['Movie']
2275,The 33,['Movie']
2276,The 40 Year Old Virgin,['Movie']
2277,The 51st State,['Movie']
2278,The 5th Quarter,['Movie']
2279,The 5th Wave,['Movie']
2280,The 6th Day,['Movie']
2281,The Abyss,['Movie']
2282,The Act of Killing,['Movie']
2283,The Addams Family,['Movie']
2284,The Adjustment Bureau,['Movie']
2285,The Adventurer: The Curse of the Midas Box,['Movie']
2286,The Adventures of Ford Fairlane,['Movie']
2287,The Adventures of Pluto Nash,['Movie']
2288,The Adventures of Rocky & Bullwinkle,['Movie']
2289,The Adventures of Sharkboy and Lavagirl,['Movie']
2290,The Adventures of Tintin,['Movie']
2291,The Age of Adaline,['Movie']
2292,The Age of Innocence,['Movie']
2293,The Alamo,['Movie']
2294,The Amazing Spider-Man,['Movie']
2295,The Amazing Spider-Man 2,['Movie']
2296,The American,['Movie']
2297,The American President,['Movie']
2298,The Amityville Horror,['Movie']
2299,The Andromeda Strain,['Movie']
2300,The Angry Birds Movie,['Movie']
2301,The Animal,['Movie']
2302,The Ant Bully,['Movie']
2303,The Apartment,['Movie']
2304,The Apparition,['Movie']
2305,The Art of War,['Movie']
2306,The Artist,['Movie']
2307,The Assassin,['Movie']
2308,The Assassination of Jesse James by the Coward Robert Ford,['Movie']
2309,The Astronaut Farmer,['Movie']
2310,The Astronaut's Wife,['Movie']
2311,The Avengers,['Movie']
2312,The Aviator,['Movie']
2313,The Awakening,['Movie']
2314,The BFG,['Movie']
2315,The Back-Up Plan,['Movie']
2316,The Bad Lieutenant: Port of Call - New Orleans,['Movie']
2317,The Bad News Bears,['Movie']
2318,The Ballad of Cable Hogue,['Movie']
2319,The Ballad of Jack and Rose,['Movie']
2320,The Bank Job,['Movie']
2321,The Barbarian Invasions,['Movie']
2322,The Beach,['Movie']
2323,"The Beast from 20,000 Fathoms",['Movie']
2324,The Beaver,['Movie']
2325,The Believer,['Movie']
2326,The Best Exotic Marigold Hotel,['Movie']
2327,The Best Little Whorehouse in Texas,['Movie']
2328,The Best Man,['Movie']
2329,The Best Man Holiday,['Movie']
2330,The Best Offer,['Movie']
2331,The Best Years of Our Lives,['Movie']
2332,The Best of Me,['Movie']
2333,The Big Bounce,['Movie']
2334,The Big Hit,['Movie']
2335,The Big Lebowski,['Movie']
2336,The Big Parade,['Movie']
2337,The Big Short,['Movie']
2338,The Big Wedding,['Movie']
2339,The Big Year,['Movie']
2340,The Birth of a Nation,['Movie']
2341,The Black Dahlia,['Movie']
2342,The Black Hole,['Movie']
2343,The Black Stallion,['Movie']
2344,The Blair Witch Project,['Movie']
2345,The Blind Side,['Movie']
2346,The Blue Lagoon,['Movie']
2347,The Blues Brothers,['Movie']
2348,The Boat That Rocked,['Movie']
2349,The Bodyguard,['Movie']
2350,The Bone Collector,['Movie']
2351,The Book of Eli,['Movie']
2352,The Book of Life,['Movie']
2353,The Boondock Saints,['Movie']
2354,The Boondock Saints II: All Saints Day,['Movie']
2355,The Boss,['Movie']
2356,The Bounty,['Movie']
2357,The Bounty Hunter,['Movie']
2358,The Bourne Identity,['Movie']
2359,The Bourne Legacy,['Movie']
2360,The Bourne Supremacy,['Movie']
2361,The Bourne Ultimatum,['Movie']
2362,The Box,['Movie']
2363,The Boxtrolls,['Movie']
2364,The Boy,['Movie']
2365,The Boy Next Door,['Movie']
2366,The Boy in the Striped Pyjamas,['Movie']
2367,The Break-Up,['Movie']
2368,The Bridge on the River Kwai,['Movie']
2369,The Bridges of Madison County,['Movie']
2370,The Broadway Melody,['Movie']
2371,The Broken Hearts Club: A Romantic Comedy,['Movie']
2372,The Brothers Bloom,['Movie']
2373,The Brothers Grimm,['Movie']
2374,The Bucket List,['Movie']
2375,The Butler,['Movie']
2376,The Butterfly Effect,['Movie']
2377,The Cabin in the Woods,['Movie']
2378,The Cable Guy,['Movie']
2379,The Call,['Movie']
2380,The Canyons,['Movie']
2381,The Cave,['Movie']
2382,The Cell,['Movie']
2383,The Change-Up,['Movie']
2384,The Charge of the Light Brigade,['Movie']
2385,The Children of Huang Shi,['Movie']
2386,The Chronicles of Narnia: Prince Caspian,['Movie']
2387,"The Chronicles of Narnia: The Lion, the Witch and the Wardrobe",['Movie']
2388,The Chronicles of Narnia: The Voyage of the Dawn Treader,['Movie']
2389,The Chronicles of Riddick,['Movie']
2390,The Client,['Movie']
2391,The Cold Light of Day,['Movie']
2392,The Color Purple,['Movie']
2393,The Color of Money,['Movie']
2394,The Conjuring,['Movie']
2395,The Conjuring 2,['Movie']
2396,The Conspirator,['Movie']
2397,The Constant Gardener,['Movie']
2398,The Conversation,['Movie']
2399,The Cookout,['Movie']
2400,The Core,['Movie']
2401,The Corruptor,['Movie']
2402,The Cotton Club,['Movie']
2403,The Counselor,['Movie']
2404,The Count of Monte Cristo,['Movie']
2405,The Covenant,['Movie']
2406,The Craft,['Movie']
2407,The Crazies,['Movie']
2408,The Croods,['Movie']
2409,The Crow,['Movie']
2410,The Crying Game,['Movie']
2411,The Curious Case of Benjamin Button,['Movie']
2412,The Curse of the Were-Rabbit,['Movie']
2413,The DUFF,['Movie']
2414,The Da Vinci Code,['Movie']
2415,The Dark Knight,['Movie']
2416,The Dark Knight Rises,['Movie']
2417,The Darkest Hour,['Movie']
2418,The Day After Tomorrow,['Movie']
2419,The Day the Earth Stood Still,['Movie']
2420,The Dead Zone,['Movie']
2421,The Death and Life of Bobby Z,['Movie']
2422,The Debt,['Movie']
2423,The Deep End of the Ocean,['Movie']
2424,The Deer Hunter,['Movie']
2425,The Departed,['Movie']
2426,The Descendants,['Movie']
2427,The Devil Inside,['Movie']
2428,The Devil Wears Prada,['Movie']
2429,The Devil's Advocate,['Movie']
2430,The Devil's Double,['Movie']
2431,The Devil's Own,['Movie']
2432,The Diary of a Teenage Girl,['Movie']
2433,The Dictator,['Movie']
2434,The Dilemma,['Movie']
2435,The Divide,['Movie']
2436,The Diving Bell and the Butterfly,['Movie']
2437,The Doors,['Movie']
2438,The Dukes of Hazzard,['Movie']
2439,The East,['Movie']
2440,The Egyptian,['Movie']
2441,The Elephant Man,['Movie']
2442,The Emperor's New Groove,['Movie']
2443,The Empire Strikes Back,['Movie']
2444,The End of the Affair,['Movie']
2445,The English Patient,['Movie']
2446,The Equalizer,['Movie']
2447,The Evil Dead,['Movie']
2448,The Exorcism of Emily Rose,['Movie']
2449,The Exorcist,['Movie']
2450,The Expendables,['Movie']
2451,The Expendables 2,['Movie']
2452,The Expendables 3,['Movie']
2453,The Express,['Movie']
2454,The Extra Man,['Movie']
2455,The Eye,['Movie']
2456,The Faculty,['Movie']
2457,The Fall of the Roman Empire,['Movie']
2458,The Fan,['Movie']
2459,The Fast and the Furious,['Movie']
2460,The Fast and the Furious: Tokyo Drift,['Movie']
2461,The Fault in Our Stars,['Movie']
2462,The Fifth Element,['Movie']
2463,The Fifth Estate,['Movie']
2464,The Fighter,['Movie']
2465,The Final Destination,['Movie']
2466,The Finest Hours,['Movie']
2467,The Firm,['Movie']
2468,The First Wives Club,['Movie']
2469,The Fisher King,['Movie']
2470,The Five-Year Engagement,['Movie']
2471,The Flintstones,['Movie']
2472,The Flintstones in Viva Rock Vegas,['Movie']
2473,The Flowers of War,['Movie']
2474,The Fog,['Movie']
2475,The Forbidden Kingdom,['Movie']
2476,The Forest,['Movie']
2477,The Fountain,['Movie']
2478,The Four Feathers,['Movie']
2479,The Fourth Kind,['Movie']
2480,The French Connection,['Movie']
2481,The Frozen Ground,['Movie']
2482,The Fugitive,['Movie']
2483,The Full Monty,['Movie']
2484,The Funeral,['Movie']
2485,The Gallows,['Movie']
2486,The Gambler,['Movie']
2487,The Game,['Movie']
2488,The Game Plan,['Movie']
2489,The General's Daughter,['Movie']
2490,The Ghost Writer,['Movie']
2491,The Ghost and the Darkness,['Movie']
2492,The Gift,['Movie']
2493,The Girl Next Door,['Movie']
2494,The Girl with the Dragon Tattoo,['Movie']
2495,The Giver,['Movie']
2496,The Glass House,['Movie']
2497,The Godfather,['Movie']
2498,The Godfather: Part II,['Movie']
2499,The Godfather: Part III,['Movie']
2500,The Golden Child,['Movie']
2501,The Golden Compass,['Movie']
2502,The Good Dinosaur,['Movie']
2503,The Good German,['Movie']
2504,The Good Girl,['Movie']
2505,The Good Night,['Movie']
2506,"The Good, the Bad and the Ugly",['Movie']
2507,The Grace Card,['Movie']
2508,The Grand Budapest Hotel,['Movie']
2509,The Grandmaster,['Movie']
2510,The Great Beauty,['Movie']
2511,The Great Debaters,['Movie']
2512,The Great Escape,['Movie']
2513,The Great Gatsby,['Movie']
2514,The Great Raid,['Movie']
2515,The Greatest Game Ever Played,['Movie']
2516,The Greatest Show on Earth,['Movie']
2517,The Greatest Story Ever Told,['Movie']
2518,The Green Hornet,['Movie']
2519,The Green Inferno,['Movie']
2520,The Green Mile,['Movie']
2521,The Grey,['Movie']
2522,The Grudge,['Movie']
2523,The Grudge 2,['Movie']
2524,The Guard,['Movie']
2525,The Guilt Trip,['Movie']
2526,The Gunman,['Movie']
2527,The Hangover,['Movie']
2528,The Hangover Part II,['Movie']
2529,The Happening,['Movie']
2530,The Hateful Eight,['Movie']
2531,The Haunted Mansion,['Movie']
2532,The Haunting,['Movie']
2533,The Heat,['Movie']
2534,The Help,['Movie']
2535,The Hills Have Eyes,['Movie']
2536,The History Boys,['Movie']
2537,The Hitchhiker's Guide to the Galaxy,['Movie']
2538,The Hoax,['Movie']
2539,The Hobbit: An Unexpected Journey,['Movie']
2540,The Hobbit: The Battle of the Five Armies,['Movie']
2541,The Hobbit: The Desolation of Smaug,['Movie']
2542,The Holiday,['Movie']
2543,The Homesman,['Movie']
2544,The Horse Whisperer,['Movie']
2545,The Horseman on the Roof,['Movie']
2546,The Host,['Movie']
2547,The Host,['Movie']
2548,The Hours,['Movie']
2549,The House Bunny,['Movie']
2550,The House of Mirth,['Movie']
2551,The Howling,['Movie']
2552,The Hunchback of Notre Dame,['Movie']
2553,The Hundred-Foot Journey,['Movie']
2554,The Hunger Games,['Movie']
2555,The Hunger Games: Catching Fire,['Movie']
2556,The Hunger Games: Mockingjay - Part 1,['Movie']
2557,The Hunger Games: Mockingjay - Part 2,['Movie']
2558,The Hunt,['Movie']
2559,The Hunt for Red October,['Movie']
2560,The Hunted,['Movie']
2561,The Huntsman: Winter's War,['Movie']
2562,The Hurricane,['Movie']
2563,The Hurt Locker,['Movie']
2564,The Hustler,['Movie']
2565,The Ice Storm,['Movie']
2566,The Iceman,['Movie']
2567,The Ides of March,['Movie']
2568,The Illusionist,['Movie']
2569,The Imaginarium of Doctor Parnassus,['Movie']
2570,The Imitation Game,['Movie']
2571,The Immigrant,['Movie']
2572,The Impossible,['Movie']
2573,The In Crowd,['Movie']
2574,The Incredible Burt Wonderstone,['Movie']
2575,The Incredible Hulk,['Movie']
2576,The Incredibles,['Movie']
2577,The Infiltrator,['Movie']
2578,The Informant!,['Movie']
2579,The Informers,['Movie']
2580,The Inhabited Island,['Movie']
2581,The Innkeepers,['Movie']
2582,The Insider,['Movie']
2583,The Intern,['Movie']
2584,The International,['Movie']
2585,The Internship,['Movie']
2586,The Interpreter,['Movie']
2587,The Interview,['Movie']
2588,The Invasion,['Movie']
2589,The Invention of Lying,['Movie']
2590,The Iron Giant,['Movie']
2591,The Iron Lady,['Movie']
2592,The Island,['Movie']
2593,The Island of Dr. Moreau,['Movie']
2594,The Italian Job,['Movie']
2595,The Jackal,['Movie']
2596,The Jacket,['Movie']
2597,The Joneses,['Movie']
2598,The Judge,['Movie']
2599,The Jungle Book,['Movie']
2600,The Jungle Book 2,['Movie']
2601,The Karate Kid,['Movie']
2602,The Kid,['Movie']
2603,The Kids Are All Right,['Movie']
2604,The King's Speech,['Movie']
2605,The Kingdom,['Movie']
2606,The Kite Runner,['Movie']
2607,The Ladies Man,['Movie']
2608,The Lake House,['Movie']
2609,The Land Before Time,['Movie']
2610,The Last Airbender,['Movie']
2611,The Last Castle,['Movie']
2612,The Last Dragon,['Movie']
2613,The Last Emperor,['Movie']
2614,The Last Exorcism,['Movie']
2615,The Last Exorcism Part II,['Movie']
2616,The Last Godfather,['Movie']
2617,The Last House on the Left,['Movie']
2618,The Last King of Scotland,['Movie']
2619,The Last Legion,['Movie']
2620,The Last Samurai,['Movie']
2621,The Last Temptation of Christ,['Movie']
2622,The Last Witch Hunter,['Movie']
2623,The Last of the Mohicans,['Movie']
2624,The Lawnmower Man,['Movie']
2625,The Lazarus Effect,['Movie']
2626,The League of Extraordinary Gentlemen,['Movie']
2627,The Legend of Bagger Vance,['Movie']
2628,The Legend of Hercules,['Movie']
2629,The Legend of Tarzan,['Movie']
2630,The Legend of Zorro,['Movie']
2631,The Legend of the Lone Ranger,['Movie']
2632,The Lego Movie,['Movie']
2633,The Life Aquatic with Steve Zissou,['Movie']
2634,The Life of David Gale,['Movie']
2635,The Limey,['Movie']
2636,The Lincoln Lawyer,['Movie']
2637,The Lion King,['Movie']
2638,The Little Prince,['Movie']
2639,The Little Vampire,['Movie']
2640,The Lives of Others,['Movie']
2641,The Living Daylights,['Movie']
2642,The Lizzie McGuire Movie,['Movie']
2643,The Lone Ranger,['Movie']
2644,The Long Kiss Goodnight,['Movie']
2645,The Long Riders,['Movie']
2646,The Longest Day,['Movie']
2647,The Longest Ride,['Movie']
2648,The Longest Yard,['Movie']
2649,The Lord of the Rings: The Fellowship of the Ring,['Movie']
2650,The Lord of the Rings: The Return of the King,['Movie']
2651,The Lord of the Rings: The Two Towers,['Movie']
2652,The Lords of Salem,['Movie']
2653,The Losers,['Movie']
2654,The Lost Boys,['Movie']
2655,The Lost City,['Movie']
2656,The Lost Weekend,['Movie']
2657,The Lost World: Jurassic Park,['Movie']
2658,The Love Guru,['Movie']
2659,The Lovely Bones,['Movie']
2660,The Lucky One,['Movie']
2661,The Lunchbox,['Movie']
2662,The Machinist,['Movie']
2663,The Majestic,['Movie']
2664,The Man Who Knew Too Little,['Movie']
2665,The Man Who Shot Liberty Valance,['Movie']
2666,The Man from Snowy River,['Movie']
2667,The Man from U.N.C.L.E.,['Movie']
2668,The Man with the Golden Gun,['Movie']
2669,The Man with the Iron Fists,['Movie']
2670,The Manchurian Candidate,['Movie']
2671,The Marine,['Movie']
2672,The Martian,['Movie']
2673,The Mask,['Movie']
2674,The Mask of Zorro,['Movie']
2675,The Master,['Movie']
2676,The Matador,['Movie']
2677,The Matrix,['Movie']
2678,The Matrix Reloaded,['Movie']
2679,The Matrix Revolutions,['Movie']
2680,The Maze Runner,['Movie']
2681,The Mechanic,['Movie']
2682,The Men Who Stare at Goats,['Movie']
2683,The Messenger,['Movie']
2684,The Messenger: The Story of Joan of Arc,['Movie']
2685,The Mexican,['Movie']
2686,The Midnight Meat Train,['Movie']
2687,The Mighty Ducks,['Movie']
2688,The Misfits,['Movie']
2689,The Mist,['Movie']
2690,The Molly Maguires,['Movie']
2691,The Monkey King 2,['Movie']
2692,The Monuments Men,['Movie']
2693,The Mortal Instruments: City of Bones,['Movie']
2694,The Mothman Prophecies,['Movie']
2695,The Mudge Boy,['Movie']
2696,The Mummy Returns,['Movie']
2697,The Mummy: Tomb of the Dragon Emperor,['Movie']
2698,The Muppets,['Movie']
2699,The Musketeer,['Movie']
2700,The Naked Gun 2½: The Smell of Fear,['Movie']
2701,The Naked Gun 33⅓: The Final Insult,['Movie']
2702,The Namesake,['Movie']
2703,The Negotiator,['Movie']
2704,The Neon Demon,['Movie']
2705,The Net,['Movie']
2706,The NeverEnding Story,['Movie']
2707,The New World,['Movie']
2708,The Newton Boys,['Movie']
2709,The Next Best Thing,['Movie']
2710,The Next Three Days,['Movie']
2711,The Ninth Gate,['Movie']
2712,The Notebook,['Movie']
2713,The November Man,['Movie']
2714,The Number 23,['Movie']
2715,The Nun's Story,['Movie']
2716,The Nutcracker,['Movie']
2717,The Nutcracker: The Untold Story,['Movie']
2718,The Nutty Professor,['Movie']
2719,The Object of My Affection,['Movie']
2720,The Omen,['Movie']
2721,The One,['Movie']
2722,The Opposite Sex,['Movie']
2723,The Order,['Movie']
2724,The Other Guys,['Movie']
2725,The Other Side of Heaven,['Movie']
2726,The Other Woman,['Movie']
2727,The Out-of-Towners,['Movie']
2728,The Outsiders,['Movie']
2729,The Pacifier,['Movie']
2730,The Passion of the Christ,['Movie']
2731,The Patriot,['Movie']
2732,The Peanuts Movie,['Movie']
2733,The Pelican Brief,['Movie']
2734,The Perez Family,['Movie']
2735,The Perfect Game,['Movie']
2736,The Perfect Storm,['Movie']
2737,The Perks of Being a Wallflower,['Movie']
2738,The Phantom,['Movie']
2739,The Phantom of the Opera,['Movie']
2740,The Pianist,['Movie']
2741,The Piano,['Movie']
2742,The Pirate,['Movie']
2743,The Pirates! In an Adventure with Scientists!,['Movie']
2744,The Place Beyond the Pines,['Movie']
2745,The Pledge,['Movie']
2746,The Polar Express,['Movie']
2747,The Possession,['Movie']
2748,The Postman,['Movie']
2749,The Prestige,['Movie']
2750,The Prince,['Movie']
2751,The Prince of Egypt,['Movie']
2752,The Prince of Tides,['Movie']
2753,The Princess Bride,['Movie']
2754,The Princess Diaries,['Movie']
2755,The Princess Diaries 2: Royal Engagement,['Movie']
2756,The Princess and the Frog,['Movie']
2757,The Producers,['Movie']
2758,The Prophecy,['Movie']
2759,The Proposal,['Movie']
2760,The Proposition,['Movie']
2761,The Protector,['Movie']
2762,The Punisher,['Movie']
2763,The Purge,['Movie']
2764,The Purge: Anarchy,['Movie']
2765,The Purge: Election Year,['Movie']
2766,The Pursuit of Happyness,['Movie']
2767,The Queen,['Movie']
2768,The Quick and the Dead,['Movie']
2769,The Quiet,['Movie']
2770,The Quiet American,['Movie']
2771,The Rage: Carrie 2,['Movie']
2772,The Raid,['Movie']
2773,The Railway Man,['Movie']
2774,The Rainmaker,['Movie']
2775,The Raven,['Movie']
2776,The Reader,['Movie']
2777,The Reaping,['Movie']
2778,The Red Violin,['Movie']
2779,The Relic,['Movie']
2780,The Remains of the Day,['Movie']
2781,The Replacement Killers,['Movie']
2782,The Return of the Living Dead,['Movie']
2783,The Return of the Pink Panther,['Movie']
2784,The Revenant,['Movie']
2785,The Right Stuff,['Movie']
2786,The Ring Two,['Movie']
2787,The Rite,['Movie']
2788,The Road,['Movie']
2789,The Road to El Dorado,['Movie']
2790,The Robe,['Movie']
2791,The Rock,['Movie']
2792,The Rocker,['Movie']
2793,The Rocket: The Legend of Rocket Richard,['Movie']
2794,The Rookie,['Movie']
2795,The Roommate,['Movie']
2796,The Rose,['Movie']
2797,The Royal Tenenbaums,['Movie']
2798,The Rugrats Movie,['Movie']
2799,The Runaways,['Movie']
2800,The Rundown,['Movie']
2801,The Running Man,['Movie']
2802,The Saint,['Movie']
2803,The Santa Clause,['Movie']
2804,The Santa Clause 2,['Movie']
2805,The Scarlet Letter,['Movie']
2806,The Score,['Movie']
2807,The Scorpion King,['Movie']
2808,The Sea Inside,['Movie']
2809,The Second Best Exotic Marigold Hotel,['Movie']
2810,The Secret Life of Bees,['Movie']
2811,The Secret Life of Pets,['Movie']
2812,The Secret Life of Walter Mitty,['Movie']
2813,The Secret in Their Eyes,['Movie']
2814,The Sentinel,['Movie']
2815,The Sessions,['Movie']
2816,The Shadow,['Movie']
2817,The Shaggy Dog,['Movie']
2818,The Shallows,['Movie']
2819,The Shawshank Redemption,['Movie']
2820,The Shining,['Movie']
2821,The Siege,['Movie']
2822,The Signal,['Movie']
2823,The Silence of the Lambs,['Movie']
2824,The Simpsons Movie,['Movie']
2825,The Sisterhood of the Traveling Pants,['Movie']
2826,The Sisterhood of the Traveling Pants 2,['Movie']
2827,The Sitter,['Movie']
2828,The Sixth Sense,['Movie']
2829,The Skeleton Key,['Movie']
2830,The Skulls,['Movie']
2831,The Smurfs,['Movie']
2832,The Smurfs 2,['Movie']
2833,The Snow Queen,['Movie']
2834,The Social Network,['Movie']
2835,The Soloist,['Movie']
2836,The Sorcerer's Apprentice,['Movie']
2837,The Sound of Music,['Movie']
2838,The Spanish Apartment,['Movie']
2839,The Spanish Prisoner,['Movie']
2840,The Specialist,['Movie']
2841,The Spectacular Now,['Movie']
2842,The Spiderwick Chronicles,['Movie']
2843,The Spirit,['Movie']
2844,The SpongeBob Movie: Sponge Out of Water,['Movie']
2845,The SpongeBob SquarePants Movie,['Movie']
2846,The Spy Next Door,['Movie']
2847,The Spy Who Loved Me,['Movie']
2848,The Squid and the Whale,['Movie']
2849,The Station Agent,['Movie']
2850,The Stepford Wives,['Movie']
2851,The Stewardesses,['Movie']
2852,The Sting,['Movie']
2853,The Story of Us,['Movie']
2854,The Sum of All Fears,['Movie']
2855,The Sweeney,['Movie']
2856,The Sweet Hereafter,['Movie']
2857,The Sweetest Thing,['Movie']
2858,The Switch,['Movie']
2859,The Tailor of Panama,['Movie']
2860,The Taking of Pelham 1 2 3,['Movie']
2861,The Tale of Despereaux,['Movie']
2862,The Talented Mr. Ripley,['Movie']
2863,The Tempest,['Movie']
2864,The Terminal,['Movie']
2865,The Terminator,['Movie']
2866,The Texas Chain Saw Massacre,['Movie']
2867,The Texas Chainsaw Massacre 2,['Movie']
2868,The Theory of Everything,['Movie']
2869,The Thief and the Cobbler,['Movie']
2870,The Thin Red Line,['Movie']
2871,The Thing,['Movie']
2872,The Thirteenth Floor,['Movie']
2873,The Thomas Crown Affair,['Movie']
2874,The Three Burials of Melquiades Estrada,['Movie']
2875,The Three Musketeers,['Movie']
2876,The Three Stooges,['Movie']
2877,The Tigger Movie,['Movie']
2878,The Time Machine,['Movie']
2879,The Time Traveler's Wife,['Movie']
2880,The To Do List,['Movie']
2881,The Tourist,['Movie']
2882,The Town,['Movie']
2883,The Train,['Movie']
2884,The Transporter,['Movie']
2885,The Transporter Refueled,['Movie']
2886,The Tree of Life,['Movie']
2887,The Triplets of Belleville,['Movie']
2888,The Trouble with Harry,['Movie']
2889,The Truman Show,['Movie']
2890,The Twilight Saga: Breaking Dawn - Part 2,['Movie']
2891,The Twilight Saga: Eclipse,['Movie']
2892,The Twilight Saga: New Moon,['Movie']
2893,The Ugly Truth,['Movie']
2894,The Unborn,['Movie']
2895,The Untouchables,['Movie']
2896,The Usual Suspects,['Movie']
2897,The Valley of Decision,['Movie']
2898,The Vatican Tapes,['Movie']
2899,The Verdict,['Movie']
2900,The Village,['Movie']
2901,The Virgin Suicides,['Movie']
2902,The Virginity Hit,['Movie']
2903,The Visit,['Movie']
2904,The Visual Bible: The Gospel of John,['Movie']
2905,The Vow,['Movie']
2906,The Wackness,['Movie']
2907,The Walk,['Movie']
2908,The Warrior's Way,['Movie']
2909,The Wash,['Movie']
2910,The Watch,['Movie']
2911,The Water Diviner,['Movie']
2912,The Waterboy,['Movie']
2913,The Wave,['Movie']
2914,The Way Way Back,['Movie']
2915,The Way of the Gun,['Movie']
2916,The Weather Man,['Movie']
2917,The Wedding Date,['Movie']
2918,The Wedding Planner,['Movie']
2919,The Whole Nine Yards,['Movie']
2920,The Whole Ten Yards,['Movie']
2921,The Wild Bunch,['Movie']
2922,The Wind That Shakes the Barley,['Movie']
2923,The Witch,['Movie']
2924,The Wiz,['Movie']
2925,The Wizard of Oz,['Movie']
2926,The Wolf of Wall Street,['Movie']
2927,The Wolverine,['Movie']
2928,The Woman in Black,['Movie']
2929,The Women,['Movie']
2930,The Wood,['Movie']
2931,The Words,['Movie']
2932,The Work and the Glory,['Movie']
2933,The Work and the Glory II: American Zion,['Movie']
2934,The World Is Not Enough,['Movie']
2935,The World's End,['Movie']
2936,The Wraith,['Movie']
2937,The Wrestler,['Movie']
2938,The X Files,['Movie']
2939,The X Files: I Want to Believe,['Movie']
2940,The Yellow Handkerchief,['Movie']
2941,The Young Messiah,['Movie']
2942,The Young Victoria,['Movie']
2943,The Young and Prodigious T.S. Spivet,['Movie']
2944,There Goes My Baby,['Movie']
2945,There Will Be Blood,['Movie']
2946,There's Something About Mary,['Movie']
2947,They Live,['Movie']
2948,Things We Lost in the Fire,['Movie']
2949,Things to Do in Denver When You're Dead,['Movie']
2950,Think Like a Man,['Movie']
2951,Think Like a Man Too,['Movie']
2952,Thirteen,['Movie']
2953,Thirteen Days,['Movie']
2954,This Is 40,['Movie']
2955,This Is England,['Movie']
2956,This Is Where I Leave You,['Movie']
2957,This Is the End,['Movie']
2958,This Means War,['Movie']
2959,Thor,['Movie']
2960,Thor: The Dark World,['Movie']
2961,Three Kings,['Movie']
2962,Thunderball,['Movie']
2963,Thunderbirds,['Movie']
2964,Tidal Wave,['Movie']
2965,Time Bandits,['Movie']
2966,Timecop,['Movie']
2967,Timecrimes,['Movie']
2968,Timeline,['Movie']
2969,Tin Cup,['Movie']
2970,Tiny Furniture,['Movie']
2971,Titan A.E.,['Movie']
2972,Titanic,['Movie']
2973,To Die For,['Movie']
2974,To Kill a Mockingbird,['Movie']
2975,To Rome with Love,['Movie']
2976,Tom Jones,['Movie']
2977,Tombstone,['Movie']
2978,Tomcats,['Movie']
2979,Tomorrow Never Dies,['Movie']
2980,Tomorrowland,['Movie']
2981,Tootsie,['Movie']
2982,Top Gun,['Movie']
2983,Top Hat,['Movie']
2984,Topaz,['Movie']
2985,Tora! Tora! Tora!,['Movie']
2986,Torn Curtain,['Movie']
2987,Torque,['Movie']
2988,Total Recall,['Movie']
2989,Tower Heist,['Movie']
2990,Town & Country,['Movie']
2991,Toy Story,['Movie']
2992,Toy Story 2,['Movie']
2993,Toy Story 3,['Movie']
2994,Trading Places,['Movie']
2995,Traffic,['Movie']
2996,Training Day,['Movie']
2997,Trainspotting,['Movie']
2998,Trainwreck,['Movie']
2999,Trance,['Movie']
3000,Transamerica,['Movie']
3001,Transcendence,['Movie']
3002,Transformers,['Movie']
3003,Transformers: Age of Extinction,['Movie']
3004,Transformers: Dark of the Moon,['Movie']
3005,Transformers: Revenge of the Fallen,['Movie']
3006,Transporter 2,['Movie']
3007,Transsiberian,['Movie']
3008,Trapeze,['Movie']
3009,Treasure Planet,['Movie']
3010,Tremors,['Movie']
3011,Triple 9,['Movie']
3012,Troll Hunter,['Movie']
3013,Tropic Thunder,['Movie']
3014,Troy,['Movie']
3015,True Grit,['Movie']
3016,True Lies,['Movie']
3017,True Romance,['Movie']
3018,Trust,['Movie']
3019,Tsotsi,['Movie']
3020,Tucker and Dale vs Evil,['Movie']
3021,Tumbleweeds,['Movie']
3022,Tupac: Resurrection,['Movie']
3023,Turbo,['Movie']
3024,Turbulence,['Movie']
3025,Tusk,['Movie']
3026,Twilight,['Movie']
3027,Twilight Zone: The Movie,['Movie']
3028,Twins,['Movie']
3029,Twister,['Movie']
3030,Two Brothers,['Movie']
3031,Two Girls and a Guy,['Movie']
3032,Two Lovers,['Movie']
3033,Two Weeks Notice,['Movie']
3034,U-571,['Movie']
3035,U2 3D,['Movie']
3036,Ultraviolet,['Movie']
3037,Unbreakable,['Movie']
3038,Unbroken,['Movie']
3039,Under Siege 2: Dark Territory,['Movie']
3040,Under the Rainbow,['Movie']
3041,Under the Skin,['Movie']
3042,Undercover Brother,['Movie']
3043,Underdogs,['Movie']
3044,Underworld,['Movie']
3045,Underworld: Awakening,['Movie']
3046,Underworld: Evolution,['Movie']
3047,Underworld: Rise of the Lycans,['Movie']
3048,Undiscovered,['Movie']
3049,Undisputed,['Movie']
3050,Unfaithful,['Movie']
3051,Unfinished Business,['Movie']
3052,Unforgiven,['Movie']
3053,Unfriended,['Movie']
3054,United 93,['Movie']
3055,Universal Soldier: The Return,['Movie']
3056,Unknown,['Movie']
3057,Unleashed,['Movie']
3058,Unstoppable,['Movie']
3059,Untraceable,['Movie']
3060,Up,['Movie']
3061,Up in the Air,['Movie']
3062,Urban Legend,['Movie']
3063,Urban Legends: Final Cut,['Movie']
3064,V for Vendetta,['Movie']
3065,Vacation,['Movie']
3066,Valentine's Day,['Movie']
3067,Valiant,['Movie']
3068,Valkyrie,['Movie']
3069,Vampire in Brooklyn,['Movie']
3070,Vampires Suck,['Movie']
3071,Vanilla Sky,['Movie']
3072,Vanity Fair,['Movie']
3073,Vantage Point,['Movie']
3074,Veer-Zaara,['Movie']
3075,Veronica Guerin,['Movie']
3076,Vertical Limit,['Movie']
3077,Very Bad Things,['Movie']
3078,Vicky Cristina Barcelona,['Movie']
3079,Victor Frankenstein,['Movie']
3080,Videodrome,['Movie']
3081,Virgin Territory,['Movie']
3082,Virtuosity,['Movie']
3083,Volver,['Movie']
3084,W.,['Movie']
3085,WALL·E,['Movie']
3086,Wag the Dog,['Movie']
3087,Waiting...,['Movie']
3088,Waitress,['Movie']
3089,Walk Hard: The Dewey Cox Story,['Movie']
3090,Walk the Line,['Movie']
3091,Walking Tall,['Movie']
3092,Walking With Dinosaurs,['Movie']
3093,Wall Street,['Movie']
3094,Wall Street: Money Never Sleeps,['Movie']
3095,Waltz with Bashir,['Movie']
3096,Wanderlust,['Movie']
3097,Wanted,['Movie']
3098,War,['Movie']
3099,War Horse,['Movie']
3100,War of the Worlds,['Movie']
3101,"War, Inc.",['Movie']
3102,WarGames,['Movie']
3103,Warcraft,['Movie']
3104,Warm Bodies,['Movie']
3105,Warrior,['Movie']
3106,Watchmen,['Movie']
3107,Water for Elephants,['Movie']
3108,Waterloo,['Movie']
3109,Waterworld,['Movie']
3110,Wayne's World,['Movie']
3111,We Are Marshall,['Movie']
3112,We Are Your Friends,['Movie']
3113,We Bought a Zoo,['Movie']
3114,We Need to Talk About Kevin,['Movie']
3115,We Own the Night,['Movie']
3116,We Were Soldiers,['Movie']
3117,We're the Millers,['Movie']
3118,Weekend,['Movie']
3119,Welcome Home Roscoe Jenkins,['Movie']
3120,Welcome to Mooseport,['Movie']
3121,Welcome to the Sticks,['Movie']
3122,West Side Story,['Movie']
3123,Whale Rider,['Movie']
3124,What Dreams May Come,['Movie']
3125,What Happens in Vegas,['Movie']
3126,What Just Happened,['Movie']
3127,What Lies Beneath,['Movie']
3128,What Women Want,['Movie']
3129,What to Expect When You're Expecting,['Movie']
3130,What's Eating Gilbert Grape,['Movie']
3131,What's Your Number?,['Movie']
3132,Whatever It Takes,['Movie']
3133,Whatever Works,['Movie']
3134,When Harry Met Sally...,['Movie']
3135,When a Stranger Calls,['Movie']
3136,When the Game Stands Tall,['Movie']
3137,Where the Heart Is,['Movie']
3138,Where the Wild Things Are,['Movie']
3139,While We're Young,['Movie']
3140,Whip It,['Movie']
3141,Whiplash,['Movie']
3142,White Chicks,['Movie']
3143,White Fang,['Movie']
3144,White House Down,['Movie']
3145,White Noise,['Movie']
3146,White Squall,['Movie']
3147,Whiteout,['Movie']
3148,Who Killed the Electric Car?,['Movie']
3149,Why Did I Get Married Too?,['Movie']
3150,Why Did I Get Married?,['Movie']
3151,Wicker Park,['Movie']
3152,Wild,['Movie']
3153,Wild Target,['Movie']
3154,Wild Things,['Movie']
3155,Wild Wild West,['Movie']
3156,Willy Wonka & the Chocolate Factory,['Movie']
3157,Wimbledon,['Movie']
3158,Win a Date with Tad Hamilton!,['Movie']
3159,Windtalkers,['Movie']
3160,Winged Migration,['Movie']
3161,Winnie the Pooh,['Movie']
3162,Winter Passing,['Movie']
3163,Winter in Wartime,['Movie']
3164,Winter's Bone,['Movie']
3165,Winter's Tale,['Movie']
3166,Wish I Was Here,['Movie']
3167,Without Limits,['Movie']
3168,Without a Paddle,['Movie']
3169,Witness,['Movie']
3170,Woman Thou Art Loosed,['Movie']
3171,Woman in Gold,['Movie']
3172,Wonderland,['Movie']
3173,Woo,['Movie']
3174,Woodstock,['Movie']
3175,World Trade Center,['Movie']
3176,World War Z,['Movie']
3177,World's Greatest Dad,['Movie']
3178,Wrath of the Titans,['Movie']
3179,Wreck-It Ralph,['Movie']
3180,Wrong Turn,['Movie']
3181,Wyatt Earp,['Movie']
3182,X-Men,['Movie']
3183,X-Men Origins: Wolverine,['Movie']
3184,X-Men: Apocalypse,['Movie']
3185,X-Men: Days of Future Past,['Movie']
3186,X-Men: First Class,['Movie']
3187,X-Men: The Last Stand,['Movie']
3188,X2,['Movie']
3189,Y Tu Mamá También,['Movie']
3190,Year One,['Movie']
3191,Yeh Jawaani Hai Deewani,['Movie']
3192,Yentl,['Movie']
3193,Yes Man,['Movie']
3194,Yogi Bear,['Movie']
3195,You Again,['Movie']
3196,You Can't Take It With You,['Movie']
3197,You Don't Mess with the Zohan,['Movie']
3198,You Kill Me,['Movie']
3199,You Only Live Twice,['Movie']
3200,You've Got Mail,['Movie']
3201,"You, Me and Dupree",['Movie']
3202,Young Adult,['Movie']
3203,Young Frankenstein,['Movie']
3204,Young Guns,['Movie']
3205,Your Highness,['Movie']
3206,Your Sister's Sister,['Movie']
3207,Zack and Miri Make a Porno,['Movie']
3208,Zathura: A Space Adventure,['Movie']
3209,Zero Dark Thirty,['Movie']
3210,Zero Effect,['Movie']
3211,Zodiac,['Movie']
3212,Zombieland,['Movie']
3213,Zookeeper,['Movie']
3214,Zoolander,['Movie']
3215,Zoolander 2,['Movie']
3216,Zoom,['Movie']
3217,[REC],['Movie']
3218,[REC]²,['Movie']
3219,eXistenZ,['Movie']
3220,xXx,['Movie']
3221,xXx: State of the Union,['Movie']
3222,Æon Flux,['Movie']
